Rk,School,G,W,L,W-L%,SRS,SOS,,W,L,,W,L,,W,L,,Tm.,Opp.,,Pace,ORtg,FTr,3PAr,TS%,TRB%,AST%,STL%,BLK%,eFG%,TOV%,ORB%,FT/FGA
1,Abilene Christian,34,16,18,.471,-4.12,-1.12,,10,10,,8,6,,5,10,,2452,2500,,71.1,100.3,.381,.267,.522,47.7,50.1,10.7,5.5,.479,15.6,26.6,.277
2,Air Force,31,9,22,.290,-4.77,1.43,,2,16,,4,12,,5,8,,2051,2243,,63.4,103.6,.296,.472,.560,46.2,62.0,10.2,11.8,.538,16.9,23.8,.202
3,Akron NCAA,35,24,11,.686,2.77,-2.08,,13,5,,13,1,,7,6,,2577,2316,,66.9,109.6,.318,.428,.555,53.0,49.7,8.4,8.0,.523,14.5,30.6,.231
4,Alabama NCAA,37,25,12,.676,20.69,11.80,,13,5,,14,2,,5,5,,3335,3006,,73.9,121.1,.353,.465,.599,52.6,51.7,9.3,11.0,.563,13.6,35.0,.273
5,Alabama A&M,35,12,23,.343,-14.35,-7.52,,9,9,,7,5,,4,15,,2414,2653,,71.7,95.8,.472,.269,.514,49.8,45.8,10.4,10.7,.459,19.4,31.9,.341
6,Alabama State,32,13,19,.406,-11.73,-6.87,,8,10,,7,5,,3,13,,2195,2221,,69.7,97.0,.284,.380,.463,50.1,44.7,12.2,12.0,.423,13.2,32.4,.205
7,Albany (NY),32,13,19,.406,-6.60,-5.22,,5,11,,8,5,,5,13,,2517,2521,,74.6,105.1,.288,.368,.538,50.0,44.8,11.1,7.4,.507,15.4,30.5,.209
8,Alcorn State,32,14,18,.438,-11.58,-5.61,,13,5,,7,3,,7,14,,2300,2477,,68.3,104.8,.378,.266,.527,51.4,45.4,10.0,5.7,.487,14.5,33.6,.269
9,American,32,16,16,.500,-8.96,-8.79,,10,8,,8,7,,8,9,,2200,2176,,63.1,108.1,.283,.456,.557,51.6,57.4,9.1,5.5,.530,15.0,28.4,.204
10,Appalachian State,34,27,7,.794,6.04,-2.34,,16,2,,15,0,,8,5,,2665,2283,,69.3,110.7,.313,.321,.552,53.4,49.9,8.7,15.4,.528,13.1,30.7,.213
11,Arizona NCAA,36,27,9,.750,24.54,9.45,,15,5,,15,1,,7,4,,3137,2594,,73.3,116.8,.364,.334,.576,56.6,59.2,11.2,9.5,.545,13.6,35.6,.261
12,Arizona State,32,14,18,.438,4.58,9.55,,8,12,,10,5,,3,8,,2209,2368,,70.6,97.5,.331,.377,.502,45.0,48.7,11.6,10.2,.473,13.2,21.9,.217
13,Arkansas,33,16,17,.485,6.12,8.15,,6,12,,12,6,,2,7,,2566,2633,,72.2,106.1,.453,.329,.556,48.7,45.1,8.2,15.0,.505,14.6,25.2,.342
14,Arkansas State,37,20,17,.541,0.28,-1.53,,11,7,,10,3,,5,11,,2917,2850,,70.0,112.3,.329,.428,.545,52.1,52.5,8.0,10.0,.515,13.4,34.5,.231
15,Arkansas-Pine Bluff,31,13,18,.419,-15.56,-7.60,,8,10,,8,6,,5,12,,2483,2536,,74.3,107.8,.375,.493,.579,47.5,57.4,7.9,5.4,.539,16.1,24.3,.286
16,Army,32,10,22,.313,-14.67,-8.93,,6,12,,6,11,,4,11,,1930,2059,,63.1,94.5,.257,.451,.492,50.0,56.7,9.0,12.2,.477,16.6,27.3,.151
17,Auburn NCAA,35,27,8,.771,22.46,7.66,,13,5,,15,1,,5,5,,2909,2391,,70.9,117.2,.383,.375,.580,52.3,61.6,10.4,15.9,.542,13.0,32.9,.287
18,Austin Peay,35,19,16,.543,-6.13,-4.85,,10,6,,14,3,,4,12,,2619,2561,,65.9,111.6,.310,.365,.542,48.9,41.2,10.7,7.6,.513,11.3,30.0,.219
19,Ball State,31,15,16,.484,-6.68,-5.93,,7,11,,9,7,,6,8,,2280,2200,,67.8,107.2,.385,.371,.558,50.9,50.1,8.0,8.1,.513,15.5,28.3,.295
20,Baylor NCAA,35,24,11,.686,19.50,10.71,,11,7,,15,2,,4,5,,2814,2489,,66.8,117.8,.395,.386,.592,54.6,53.2,9.9,8.6,.558,15.0,35.8,.289
21,Bellarmine,31,8,23,.258,-11.79,-2.47,,4,12,,6,7,,2,16,,2153,2320,,66.8,103.1,.224,.380,.530,46.9,52.7,7.9,5.9,.499,12.7,22.6,.175
22,Belmont,33,20,13,.606,2.79,1.44,,12,8,,12,2,,6,9,,2570,2493,,72.0,107.7,.303,.418,.579,48.6,54.7,10.4,8.1,.553,15.3,21.7,.219
23,Bethune-Cookman,34,17,17,.500,-11.87,-8.87,,11,7,,11,2,,5,11,,2479,2467,,71.8,100.4,.372,.311,.528,48.4,48.1,14.2,9.8,.481,16.7,29.9,.281
24,Binghamton,30,15,15,.500,-9.29,-5.21,,7,9,,10,4,,5,11,,2163,2167,,68.6,104.3,.342,.308,.535,53.6,54.3,7.2,10.3,.508,15.3,30.2,.228
25,Boise State NCAA,33,22,11,.667,13.31,7.35,,13,5,,13,3,,7,3,,2479,2221,,66.9,111.4,.359,.397,.554,55.6,47.1,8.5,6.8,.516,14.1,34.1,.264
26,Boston College,36,20,16,.556,9.48,7.25,,8,12,,10,6,,7,7,,2667,2587,,67.7,108.7,.250,.383,.553,50.7,51.8,8.6,9.4,.525,13.5,27.3,.187
27,Boston University,33,16,17,.485,-9.93,-8.49,,10,8,,9,7,,7,10,,2193,2198,,65.9,99.7,.303,.411,.516,51.5,55.6,9.8,9.6,.482,15.3,26.8,.217
28,Bowling Green State,34,20,14,.588,-4.93,-5.52,,10,8,,12,5,,5,7,,2502,2414,,69.1,104.6,.357,.357,.523,52.2,43.4,9.2,7.2,.484,14.1,30.5,.255
29,Bradley,35,23,12,.657,9.48,2.96,,13,7,,14,3,,6,7,,2592,2348,,66.9,109.5,.275,.418,.573,51.2,49.1,10.6,11.9,.548,15.8,28.5,.200
30,Brigham Young NCAA,34,23,11,.676,19.33,7.86,,10,8,,16,2,,3,7,,2768,2378,,69.9,116.4,.254,.504,.573,54.2,63.4,8.5,7.6,.548,13.1,32.8,.188
31,Brown,31,13,18,.419,-3.60,-1.73,,8,6,,5,7,,6,8,,2212,2227,,67.8,103.6,.332,.410,.526,51.8,53.3,9.2,11.8,.500,15.5,31.9,.217
32,Bryant,33,20,13,.606,-3.06,-3.54,,11,5,,11,3,,8,10,,2598,2488,,76.0,102.9,.299,.386,.545,47.1,51.0,9.1,14.9,.523,14.2,21.0,.200
33,Bucknell,33,14,19,.424,-8.33,-6.39,,10,8,,6,8,,8,11,,2153,2217,,64.1,100.6,.290,.449,.534,49.1,52.6,9.4,10.7,.504,16.7,25.8,.208
34,Buffalo,31,4,27,.129,-15.12,-2.82,,2,16,,2,13,,2,11,,2108,2471,,70.5,96.1,.275,.408,.509,48.7,53.9,8.6,11.4,.477,17.9,28.5,.197
35,Butler,33,18,15,.545,12.18,9.49,,9,11,,12,6,,4,7,,2544,2432,,69.4,108.6,.263,.382,.555,49.5,54.1,8.7,8.4,.521,13.6,26.9,.208
36,Cal Poly,32,4,28,.125,-13.64,-2.28,,0,20,,3,11,,0,16,,2037,2371,,66.7,94.3,.320,.336,.497,44.8,43.7,8.0,9.5,.460,16.5,24.5,.226
37,Cal State Bakersfield,32,13,19,.406,-5.37,-2.17,,8,12,,10,4,,2,13,,2199,2214,,66.3,102.4,.323,.256,.512,50.9,41.5,10.2,10.7,.474,15.3,33.9,.234
38,Cal State Fullerton,32,14,18,.438,-5.15,-1.15,,7,13,,7,7,,6,10,,2172,2212,,67.5,100.2,.399,.365,.532,48.0,38.4,9.9,8.9,.491,16.1,24.8,.282
39,Cal State Northridge,34,19,15,.559,-4.78,-4.13,,9,11,,9,7,,9,7,,2551,2503,,73.5,101.7,.367,.260,.526,53.4,50.2,10.1,10.1,.495,16.6,32.3,.245
40,California,32,13,19,.406,4.94,8.00,,9,11,,10,6,,3,8,,2367,2465,,69.7,103.7,.292,.420,.525,50.5,46.5,8.5,6.7,.492,14.1,28.6,.212
41,California Baptist,33,16,17,.485,-2.32,-2.26,,8,12,,11,7,,4,9,,2222,2197,,65.7,101.7,.377,.363,.507,53.6,48.8,6.1,6.5,.470,15.2,32.9,.257
42,Campbell,32,14,18,.438,-10.62,-5.66,,8,10,,11,6,,3,11,,2272,2307,,67.0,104.8,.339,.387,.562,48.3,52.7,9.3,7.0,.530,15.9,24.4,.246
43,Canisius,32,14,18,.438,-7.95,-4.89,,8,12,,8,4,,3,12,,2252,2307,,68.5,101.9,.283,.361,.520,52.2,47.7,8.7,8.5,.501,16.6,33.5,.177
44,Central Arkansas,32,9,23,.281,-15.70,-5.64,,5,11,,5,10,,4,13,,2309,2502,,70.7,101.7,.288,.380,.517,49.4,53.5,9.9,9.4,.481,15.4,29.7,.213
45,Central Connecticut State,31,20,11,.645,-8.15,-10.15,,13,3,,11,4,,9,7,,2237,2061,,68.0,105.2,.321,.359,.540,51.4,54.8,10.9,12.8,.508,14.4,28.5,.227
46,Central Michigan,32,18,14,.563,-8.07,-3.59,,12,6,,10,3,,7,9,,2127,2242,,66.3,97.6,.280,.351,.499,49.1,46.1,8.8,10.5,.473,15.3,28.8,.185
47,Charleston Southern,30,10,20,.333,-12.03,-1.59,,6,10,,7,7,,3,12,,2028,2210,,68.3,99.0,.307,.364,.512,49.6,42.8,5.6,7.3,.474,15.6,27.9,.226
48,Charlotte,31,19,12,.613,4.09,2.42,,13,5,,13,2,,5,7,,2131,2034,,63.1,108.1,.348,.384,.552,49.7,54.4,8.5,9.7,.513,13.5,26.7,.262
49,Chattanooga,33,21,12,.636,-0.21,-3.85,,12,6,,12,4,,8,7,,2581,2362,,68.5,112.9,.314,.507,.586,51.6,50.1,9.1,10.3,.557,15.2,28.2,.234
50,Chicago State,32,13,19,.406,-9.34,-3.03,,,,,6,5,,5,12,,2224,2258,,67.6,102.4,.372,.353,.520,49.2,45.9,12.8,8.8,.480,16.5,34.2,.265
51,Cincinnati,37,22,15,.595,15.06,8.49,,7,11,,16,5,,4,8,,2765,2522,,68.4,107.8,.276,.368,.529,55.1,52.8,9.4,11.7,.503,14.6,36.3,.190
52,Clemson NCAA,36,24,12,.667,16.20,10.04,,11,9,,12,4,,6,6,,2785,2563,,67.8,113.4,.307,.399,.575,51.6,53.8,6.7,10.9,.539,13.0,27.2,.240
53,Cleveland State,36,21,15,.583,-3.47,-4.44,,11,9,,14,3,,6,10,,2717,2622,,68.6,109.2,.317,.310,.526,49.0,47.5,11.9,11.1,.499,12.5,33.7,.211
54,Coastal Carolina,31,9,22,.290,-10.47,-2.88,,5,13,,7,12,,1,9,,2280,2434,,71.5,102.0,.328,.333,.525,51.6,47.3,8.0,8.8,.498,16.2,30.9,.218
55,Colgate NCAA,35,25,10,.714,-0.31,-5.55,,16,2,,13,3,,10,5,,2498,2242,,66.4,107.5,.273,.383,.559,51.9,56.6,9.8,10.1,.538,14.1,25.3,.186
56,College of Charleston NCAA,35,27,8,.771,4.09,-2.38,,15,3,,13,2,,10,2,,2832,2575,,70.4,114.6,.275,.471,.550,53.1,53.3,8.9,8.1,.522,11.9,33.6,.198
57,Colorado NCAA,37,26,11,.703,15.95,8.36,,13,7,,16,1,,4,7,,2935,2654,,69.0,113.8,.351,.306,.593,55.0,57.2,8.6,5.5,.554,15.9,31.9,.275
58,Colorado State NCAA,36,25,11,.694,13.40,7.28,,10,8,,15,2,,4,7,,2707,2422,,66.7,111.9,.317,.386,.581,50.5,66.1,9.3,8.4,.549,13.9,25.0,.239
59,Columbia,27,13,14,.481,-5.43,-3.72,,4,10,,9,6,,4,8,,2078,1956,,70.0,110.0,.299,.386,.570,51.7,62.9,11.1,6.7,.541,15.3,29.5,.219
60,Connecticut NCAA,40,37,3,.925,26.70,8.70,,18,2,,16,0,,9,3,,3256,2536,,66.0,123.3,.319,.402,.597,56.3,63.6,9.3,14.2,.569,12.3,36.7,.237
61,Coppin State,29,2,27,.069,-21.46,-6.49,,1,13,,2,8,,0,17,,1678,2112,,67.4,85.1,.311,.344,.465,43.5,41.0,11.3,8.0,.421,20.1,27.0,.226
62,Cornell,30,22,8,.733,3.58,-1.59,,11,3,,10,1,,10,6,,2463,2241,,71.9,114.2,.273,.486,.594,49.9,60.8,11.6,7.4,.572,15.0,28.4,.198
63,Creighton NCAA,35,25,10,.714,20.07,9.53,,14,6,,14,2,,8,5,,2815,2446,,67.6,116.2,.247,.485,.600,53.1,57.9,5.5,8.5,.573,13.7,26.1,.194
64,Dartmouth,27,6,21,.222,-13.99,-1.31,,2,12,,6,7,,0,14,,1670,1940,,66.3,93.3,.292,.433,.507,48.9,55.9,6.7,10.4,.477,17.3,21.8,.201
65,Davidson,32,15,17,.469,3.63,3.30,,5,13,,9,7,,4,8,,2242,2174,,65.9,104.7,.331,.412,.533,49.6,51.5,9.7,10.7,.496,13.9,26.5,.243
66,Dayton NCAA,33,25,8,.758,13.45,5.73,,14,4,,15,0,,6,5,,2448,2193,,64.8,114.1,.367,.443,.595,50.6,58.1,8.5,11.1,.563,14.3,26.3,.272
67,Delaware,33,19,14,.576,-1.68,-4.30,,10,8,,8,5,,8,6,,2416,2299,,67.7,107.8,.300,.354,.551,50.9,51.0,7.9,7.9,.524,14.0,27.6,.212
68,Delaware State,34,15,19,.441,-10.51,-7.58,,6,8,,7,5,,4,11,,2401,2415,,70.2,98.7,.391,.252,.516,51.6,48.5,11.7,5.7,.474,17.8,33.6,.276
69,Denver,34,17,17,.500,-7.39,-4.82,,6,10,,10,4,,4,11,,2755,2737,,71.1,111.9,.370,.402,.557,49.2,46.9,8.6,9.5,.520,12.1,27.8,.271
70,DePaul,32,3,29,.094,-6.23,10.80,,0,20,,3,15,,0,11,,2071,2616,,68.4,94.7,.335,.348,.521,44.9,54.1,7.7,8.6,.481,18.0,22.0,.246
71,Detroit Mercy,32,1,31,.031,-16.90,-2.62,,1,19,,1,11,,0,20,,2111,2568,,68.0,96.2,.303,.369,.511,44.6,45.5,10.1,6.6,.473,17.1,26.1,.223
72,Drake NCAA,35,28,7,.800,11.08,1.84,,16,4,,16,0,,6,5,,2797,2463,,68.4,113.9,.328,.394,.582,51.2,56.4,9.2,4.6,.549,12.3,24.2,.247
73,Drexel,32,20,12,.625,1.14,-3.64,,13,5,,13,1,,6,10,,2346,2130,,65.7,110.4,.300,.333,.544,55.6,47.2,7.6,10.5,.514,13.8,33.9,.216
74,Duke NCAA,36,27,9,.750,20.67,8.36,,15,5,,15,3,,7,4,,2830,2387,,67.1,117.1,.343,.375,.576,53.7,54.9,9.7,9.8,.546,12.4,32.1,.248
75,Duquesne NCAA,37,25,12,.676,7.35,4.68,,10,8,,13,4,,5,6,,2611,2467,,66.9,105.5,.323,.389,.536,50.4,54.0,11.2,12.6,.503,15.1,30.5,.232
76,East Carolina,33,15,18,.455,-0.62,1.32,,7,11,,11,9,,3,7,,2287,2319,,65.8,104.5,.352,.366,.515,50.3,50.6,11.9,8.8,.479,13.9,32.9,.243
77,East Tennessee State,35,19,16,.543,-3.11,-2.74,,8,10,,10,4,,5,11,,2502,2435,,68.8,103.5,.343,.411,.505,51.8,46.1,11.1,13.4,.470,14.9,35.1,.234
78,East Texas A&M,33,13,20,.394,-14.52,-5.19,,6,12,,8,7,,4,12,,2361,2462,,68.7,100.8,.297,.462,.518,45.6,55.1,11.2,12.4,.487,14.5,25.6,.208
79,Eastern Illinois,32,14,18,.438,-11.60,-6.50,,8,10,,9,6,,4,11,,2204,2172,,68.2,101.0,.267,.287,.501,49.9,50.2,11.8,8.8,.467,13.1,29.0,.195
80,Eastern Kentucky,31,17,14,.548,-5.42,-4.49,,12,4,,13,4,,4,10,,2504,2371,,71.8,112.0,.315,.340,.546,52.3,49.4,8.8,14.5,.521,13.4,34.9,.214
81,Eastern Michigan,31,13,18,.419,-12.76,-5.07,,6,12,,9,6,,4,11,,2047,2252,,66.4,98.3,.249,.321,.502,48.6,41.0,8.6,7.0,.478,15.0,28.7,.166
82,Eastern Washington,32,21,11,.656,-1.03,-2.99,,15,3,,11,1,,10,9,,2586,2407,,70.9,113.6,.382,.420,.614,51.8,62.9,8.4,10.2,.578,16.7,26.8,.294
83,Elon,32,13,19,.406,-11.43,-5.46,,6,12,,8,6,,3,12,,2339,2413,,68.0,107.5,.318,.423,.550,49.0,50.7,9.2,7.4,.520,15.1,30.2,.225
84,Evansville,35,17,18,.486,-3.69,0.75,,6,14,,10,5,,4,11,,2481,2562,,69.6,101.1,.282,.345,.535,48.6,49.3,9.3,9.2,.506,14.9,22.5,.203
85,Fairfield,37,24,13,.649,-3.17,-6.53,,14,6,,10,4,,10,6,,2794,2626,,68.9,109.6,.279,.425,.555,48.8,50.2,12.3,6.0,.523,13.5,28.5,.212
86,FDU,32,15,17,.469,-14.41,-9.27,,9,7,,7,7,,8,9,,2430,2482,,73.6,102.4,.338,.404,.520,48.3,57.4,11.1,6.8,.486,14.9,28.5,.237
87,Florida NCAA,36,24,12,.667,15.17,8.81,,11,7,,14,1,,3,7,,3080,2851,,73.1,115.1,.384,.345,.554,54.1,50.7,9.0,12.1,.518,13.1,37.3,.275
88,Florida A&M,29,6,23,.207,-15.82,-4.19,,4,14,,4,8,,2,14,,1949,2240,,69.9,94.5,.276,.295,.513,48.6,56.9,8.4,7.4,.484,18.9,27.6,.194
89,Florida Atlantic NCAA,34,25,9,.735,13.26,4.61,,14,4,,13,1,,5,5,,2789,2495,,69.1,116.2,.349,.391,.577,52.8,50.9,10.2,7.8,.547,13.8,33.4,.251
90,Florida Gulf Coast,32,14,18,.438,-6.28,-3.94,,8,8,,9,5,,4,10,,2253,2276,,65.6,106.9,.276,.387,.548,51.3,45.3,9.2,10.3,.524,15.0,30.0,.192
91,Florida International,33,11,22,.333,-8.01,-2.17,,5,11,,9,6,,1,12,,2429,2525,,72.1,101.8,.282,.416,.531,44.9,52.7,14.1,11.3,.507,16.5,27.9,.189
92,Florida State,33,17,16,.515,9.52,9.27,,10,10,,10,7,,4,7,,2526,2518,,72.2,105.7,.368,.316,.539,47.5,45.0,12.8,12.1,.503,14.3,28.5,.261
93,Fordham,33,13,20,.394,-0.46,1.48,,6,12,,6,11,,4,6,,2325,2389,,69.3,99.8,.352,.422,.500,50.7,52.5,11.4,12.6,.467,15.5,32.6,.233
94,Fresno State,33,12,21,.364,-3.29,3.50,,4,14,,7,9,,3,9,,2233,2439,,66.0,101.0,.309,.385,.543,47.5,50.6,9.2,6.6,.516,16.8,24.3,.212
95,Furman,33,17,16,.515,0.21,-1.93,,10,8,,12,3,,4,10,,2623,2506,,71.2,109.9,.322,.481,.554,51.3,58.7,9.8,7.2,.521,14.2,29.9,.234
96,Gardner-Webb,33,17,16,.515,-4.66,-1.73,,11,5,,9,4,,6,8,,2426,2414,,70.2,103.5,.352,.362,.522,51.2,48.3,8.2,6.2,.498,14.2,29.4,.222
97,George Mason,32,20,12,.625,6.36,1.85,,9,9,,14,3,,5,7,,2273,2109,,65.0,109.2,.370,.370,.562,53.3,46.1,8.4,10.6,.523,15.7,31.7,.275
98,George Washington,32,15,17,.469,-1.03,-0.06,,4,14,,12,6,,1,9,,2457,2472,,70.4,106.2,.344,.419,.555,49.5,47.0,8.2,11.6,.518,15.2,25.9,.257
99,Georgetown,32,9,23,.281,0.68,7.72,,2,18,,7,12,,2,10,,2267,2492,,67.4,104.3,.339,.410,.523,50.1,50.5,8.4,8.6,.486,15.2,33.4,.242
100,Georgia,37,20,17,.541,8.63,8.63,,6,12,,13,6,,6,6,,2764,2764,,70.6,105.4,.366,.402,.536,48.4,46.2,9.0,8.4,.498,14.0,27.1,.263
101,Georgia Southern,33,9,24,.273,-8.44,-2.53,,8,10,,6,6,,2,14,,2420,2615,,70.1,103.5,.289,.445,.540,47.3,41.8,9.8,10.7,.508,16.3,28.8,.212
102,Georgia State,31,14,17,.452,-4.59,-2.59,,8,10,,9,5,,5,11,,2370,2319,,70.6,107.4,.285,.365,.531,49.3,42.8,8.1,7.5,.495,11.9,27.8,.216
103,Georgia Tech,32,14,18,.438,4.60,8.82,,7,13,,8,7,,4,9,,2272,2407,,68.2,102.5,.292,.405,.519,51.8,52.5,6.3,10.7,.487,15.2,31.6,.207
104,Gonzaga NCAA,35,27,8,.771,17.93,4.02,,14,2,,13,2,,8,2,,2959,2420,,69.8,121.1,.305,.312,.598,55.0,52.2,9.5,9.8,.574,12.1,33.9,.220
105,Grambling NCAA,36,21,15,.583,-9.63,-5.48,,14,4,,9,3,,7,9,,2436,2506,,66.9,100.1,.384,.280,.527,49.0,41.2,10.9,8.6,.487,17.0,29.8,.272
106,Grand Canyon NCAA,35,30,5,.857,10.45,-0.52,,17,3,,16,0,,8,3,,2769,2346,,69.8,112.9,.450,.363,.568,53.1,45.9,11.8,14.3,.521,15.0,34.4,.337
107,Green Bay,32,18,14,.563,-5.64,-4.07,,13,7,,10,5,,8,8,,2209,2207,,64.6,106.0,.289,.482,.557,50.4,52.8,6.7,5.9,.530,16.2,27.7,.209
108,Hampton,33,9,24,.273,-15.82,-5.29,,3,15,,5,9,,1,12,,2369,2520,,70.8,101.4,.294,.377,.517,49.8,49.4,8.3,9.9,.484,15.2,30.1,.210
109,Harvard,27,14,13,.519,-4.58,-2.08,,5,9,,9,5,,5,8,,1900,1937,,67.8,102.9,.348,.393,.538,48.6,52.8,9.1,11.9,.505,15.7,26.8,.244
110,Hawaii,34,20,14,.588,-0.07,-2.57,,11,9,,13,6,,4,6,,2458,2337,,67.4,106.1,.383,.422,.565,51.5,49.1,6.8,6.1,.530,16.3,26.4,.275
111,High Point,36,27,9,.750,2.15,-4.83,,13,3,,16,2,,7,5,,3020,2680,,69.3,119.4,.429,.406,.580,55.9,42.7,7.2,8.2,.531,13.3,37.4,.334
112,Hofstra,33,20,13,.606,2.31,-1.98,,12,6,,11,2,,5,10,,2449,2259,,66.6,111.0,.215,.464,.579,48.2,56.1,9.2,10.4,.557,14.0,23.6,.162
113,Holy Cross,33,10,23,.303,-17.12,-7.87,,6,12,,5,8,,4,14,,2194,2462,,65.4,101.2,.256,.379,.527,48.0,44.8,6.1,9.4,.506,14.9,24.1,.170
114,Houston NCAA,37,32,5,.865,25.69,9.80,,15,3,,17,0,,7,3,,2720,2132,,64.1,113.6,.308,.368,.531,52.3,49.3,15.1,16.0,.503,11.4,36.8,.211
115,Houston Christian,29,6,23,.207,-19.37,-3.89,,4,14,,5,8,,1,15,,2074,2420,,73.4,97.0,.363,.279,.505,49.2,43.5,7.6,6.5,.475,17.8,31.2,.234
116,Howard NCAA,35,18,17,.514,-8.69,-8.02,,9,5,,9,4,,6,9,,2623,2600,,69.4,106.5,.418,.392,.566,52.8,55.9,8.6,7.2,.522,18.9,34.4,.314
117,Idaho,32,11,21,.344,-11.29,-4.69,,5,13,,6,10,,4,10,,2170,2278,,65.9,102.6,.274,.408,.540,48.2,49.9,8.5,9.6,.510,15.4,24.1,.201
118,Idaho State,34,14,20,.412,-7.49,-5.11,,7,11,,8,5,,4,13,,2397,2383,,64.9,106.7,.329,.349,.545,51.5,46.6,10.6,9.6,.517,14.5,30.4,.226
119,Illinois NCAA,38,29,9,.763,19.56,9.54,,14,6,,15,3,,6,5,,3168,2787,,70.1,118.2,.371,.385,.572,55.2,45.8,6.2,8.2,.536,12.6,35.6,.273
120,Illinois State,32,15,17,.469,-1.38,0.43,,9,11,,10,6,,4,8,,2128,2165,,65.3,101.9,.360,.380,.519,51.1,53.8,8.5,6.6,.479,14.9,29.0,.256
121,Illinois-Chicago,33,12,21,.364,-1.61,1.30,,4,16,,6,9,,3,10,,2319,2361,,68.7,100.4,.259,.410,.536,47.7,54.4,8.8,14.1,.512,15.9,23.4,.179
122,Incarnate Word,31,8,23,.258,-16.40,-7.92,,3,15,,5,8,,3,14,,2240,2436,,71.9,99.6,.359,.397,.533,50.7,49.1,8.3,10.4,.494,19.1,30.3,.261
123,Indiana,33,19,14,.576,7.74,9.74,,10,10,,13,5,,4,6,,2386,2452,,69.4,104.2,.377,.278,.548,50.0,57.3,7.5,11.2,.521,15.5,27.0,.250
124,Indiana State,39,32,7,.821,13.44,2.26,,17,3,,16,1,,9,4,,3309,2854,,71.4,118.4,.334,.496,.632,52.6,61.2,8.5,4.5,.600,14.7,23.5,.266
125,Iona,33,16,17,.485,-5.19,-5.95,,10,10,,9,5,,5,8,,2354,2329,,68.0,104.9,.285,.387,.522,46.9,55.2,13.0,9.2,.500,13.0,28.3,.186
126,Iowa,34,19,15,.559,13.00,9.26,,10,10,,13,4,,4,9,,2827,2700,,72.6,114.0,.331,.299,.567,48.9,59.1,9.4,9.9,.528,11.6,27.4,.256
127,Iowa State NCAA,37,29,8,.784,22.30,8.51,,13,5,,18,0,,5,5,,2787,2277,,67.9,110.9,.354,.317,.551,50.5,58.1,15.2,10.8,.520,13.3,31.1,.248
128,IU Indy,32,6,26,.188,-21.31,-4.62,,2,18,,4,10,,2,14,,2108,2554,,68.8,95.3,.344,.251,.512,47.0,42.8,11.0,5.9,.469,18.5,30.3,.253
129,Jackson State,32,15,17,.469,-11.50,-7.15,,11,7,,6,2,,7,13,,2279,2418,,70.0,101.4,.347,.338,.509,50.7,48.1,10.6,9.9,.470,16.0,34.9,.244
130,Jacksonville,33,16,17,.485,-9.84,-4.87,,5,11,,11,3,,4,14,,2371,2389,,68.6,104.4,.359,.339,.528,53.3,42.5,11.2,9.0,.491,16.1,36.3,.253
131,Jacksonville State,32,14,18,.438,-3.55,-3.14,,6,10,,8,7,,5,10,,2240,2126,,67.1,104.0,.372,.285,.535,54.5,44.1,10.0,11.3,.499,17.1,33.9,.261
132,James Madison NCAA,36,32,4,.889,8.19,-3.75,,15,3,,14,1,,12,2,,2995,2506,,71.6,115.0,.342,.378,.572,53.2,53.8,12.5,8.3,.544,13.0,32.5,.240
133,Kansas NCAA,34,23,11,.676,16.35,11.32,,10,8,,15,1,,3,7,,2569,2376,,69.9,107.7,.320,.298,.567,51.7,67.4,10.2,11.0,.538,14.9,25.7,.231
134,Kansas City,32,16,16,.500,-5.32,-4.50,,10,6,,10,3,,6,9,,2300,2217,,67.3,105.2,.298,.426,.529,52.9,50.6,8.7,11.2,.498,15.1,32.6,.213
135,Kansas State,34,19,15,.559,11.06,9.97,,8,10,,15,3,,2,9,,2454,2417,,68.4,102.8,.383,.412,.541,51.9,56.8,8.5,10.6,.502,18.2,32.4,.276
136,Kennesaw State,31,15,16,.484,-8.02,-5.84,,6,10,,9,5,,4,11,,2568,2504,,75.4,109.0,.335,.436,.544,50.1,50.7,9.7,10.7,.518,13.7,30.7,.226
137,Kent State,34,17,17,.500,-0.76,-2.54,,8,10,,9,6,,4,9,,2544,2424,,67.7,108.5,.320,.391,.548,51.0,49.0,10.0,7.8,.511,14.8,31.8,.239
138,Kentucky NCAA,33,23,10,.697,16.79,7.46,,13,5,,14,4,,7,3,,2938,2630,,73.9,119.2,.304,.375,.602,50.5,54.9,10.1,16.2,.572,12.6,28.9,.235
139,La Salle,33,16,17,.485,-1.62,0.85,,6,12,,11,6,,3,10,,2398,2411,,67.3,106.4,.246,.397,.526,48.0,55.2,9.3,8.4,.499,12.2,27.5,.178
140,Lafayette,32,11,21,.344,-11.17,-6.01,,10,8,,5,10,,6,9,,2010,2154,,65.3,94.7,.240,.399,.495,47.3,56.6,9.9,12.5,.470,15.5,24.5,.162
141,Lamar,33,19,14,.576,-5.47,-8.28,,12,6,,11,3,,5,11,,2568,2406,,70.5,108.7,.335,.354,.547,52.0,59.6,9.9,10.7,.512,15.4,34.4,.245
142,Le Moyne,32,15,17,.469,-11.07,-9.55,,9,7,,10,3,,5,14,,2318,2245,,69.2,104.3,.246,.477,.544,47.2,61.1,11.5,9.5,.514,14.7,23.7,.187
143,Lehigh,32,14,18,.438,-7.47,-6.60,,9,9,,6,7,,8,11,,2326,2272,,69.9,101.6,.316,.378,.536,49.7,50.9,10.1,6.2,.500,15.1,22.8,.232
144,Liberty,32,18,14,.563,1.58,-1.56,,7,9,,12,3,,2,8,,2362,2096,,66.0,111.0,.255,.476,.570,51.1,58.9,7.8,6.2,.555,13.9,26.1,.169
145,Lindenwood,31,9,22,.290,-18.73,-7.23,,3,15,,4,10,,3,12,,2019,2266,,68.1,95.3,.378,.305,.496,46.8,35.8,9.0,7.4,.446,15.5,24.5,.277
146,Lipscomb,32,20,12,.625,-1.94,-5.04,,11,5,,12,2,,6,9,,2626,2448,,71.2,115.3,.274,.401,.597,48.8,48.4,8.6,8.7,.570,12.7,23.6,.210
147,Little Rock,34,21,13,.618,-3.42,-8.24,,14,4,,14,4,,6,6,,2628,2464,,69.9,109.8,.328,.311,.562,51.6,52.5,8.5,12.9,.526,15.1,31.9,.246
148,Long Beach State NCAA,36,21,15,.583,-1.19,-1.19,,10,10,,8,5,,9,7,,2786,2735,,72.9,105.4,.382,.285,.527,52.0,55.4,10.8,12.2,.487,14.7,33.3,.271
149,Long Island University,29,7,22,.241,-17.86,-7.58,,6,10,,5,5,,1,17,,1929,2227,,71.3,92.5,.315,.299,.496,48.0,51.4,9.0,7.8,.464,17.8,25.4,.213
150,Longwood NCAA,35,21,14,.600,-2.04,-4.76,,6,10,,13,3,,6,10,,2615,2396,,67.9,108.5,.392,.287,.537,56.3,47.9,10.1,7.7,.502,15.4,38.3,.269
151,Louisiana,33,19,14,.576,-0.60,-2.67,,10,8,,11,3,,5,9,,2504,2365,,70.4,107.8,.281,.367,.545,49.2,44.5,12.2,9.8,.516,14.5,31.5,.205
152,Louisiana State,33,17,16,.515,8.14,6.75,,9,9,,12,6,,3,7,,2520,2474,,70.7,107.5,.383,.376,.559,50.4,44.7,11.3,10.8,.522,16.1,30.7,.277
153,Louisiana Tech,32,22,10,.688,4.83,-1.69,,12,4,,14,2,,8,7,,2392,2065,,67.5,109.9,.410,.351,.556,54.2,49.1,11.0,13.8,.520,15.6,34.5,.287
154,Louisiana-Monroe,30,11,19,.367,-10.05,-2.44,,6,12,,8,6,,3,12,,2096,2233,,69.1,100.7,.372,.287,.498,52.0,50.7,10.5,7.0,.463,15.1,34.8,.247
155,Louisville,32,8,24,.250,0.45,7.51,,3,17,,7,11,,1,10,,2304,2530,,70.4,101.8,.388,.312,.531,49.8,44.6,7.7,7.2,.484,15.9,28.1,.290
156,Loyola (IL),33,23,10,.697,6.57,2.42,,15,3,,15,2,,7,5,,2412,2228,,69.3,104.7,.331,.408,.548,52.3,64.0,10.1,13.9,.522,16.1,28.1,.225
157,Loyola (MD),32,7,25,.219,-16.17,-6.94,,5,13,,2,11,,5,13,,2049,2301,,65.7,96.4,.303,.388,.507,51.1,55.6,8.9,6.1,.482,17.7,29.5,.195
158,Loyola Marymount,31,12,19,.387,-0.06,0.31,,5,11,,8,8,,3,7,,2244,2214,,66.4,109.0,.290,.396,.551,51.7,46.0,5.5,6.5,.521,14.0,29.7,.212
159,Maine,32,15,17,.469,-6.39,-4.87,,7,9,,8,4,,5,13,,2164,2159,,68.1,98.6,.295,.321,.518,48.0,49.6,12.3,8.7,.485,14.9,23.4,.212
160,Manhattan,30,7,23,.233,-15.28,-4.86,,4,16,,3,10,,4,12,,1985,2275,,69.2,94.4,.221,.388,.501,46.5,58.4,10.7,7.3,.474,16.9,25.0,.160
161,Marist,31,18,13,.581,-5.64,-8.09,,12,8,,9,4,,8,8,,2004,1928,,65.5,98.6,.298,.364,.536,49.2,52.5,10.4,8.6,.508,16.8,23.0,.208
162,Marquette NCAA,37,27,10,.730,19.27,11.02,,14,6,,14,2,,7,5,,2888,2583,,69.4,112.0,.255,.411,.571,47.8,54.5,12.3,10.6,.550,12.7,25.7,.180
163,Marshall,33,13,20,.394,-5.42,-1.39,,7,11,,8,7,,3,9,,2435,2531,,72.5,101.7,.291,.411,.505,50.3,56.9,9.6,10.7,.472,14.0,30.1,.206
164,Maryland,33,16,17,.485,10.60,7.44,,7,13,,11,6,,4,8,,2278,2174,,66.3,103.0,.408,.375,.515,50.7,47.0,9.8,11.7,.467,14.9,31.7,.294
165,Maryland-Baltimore County,32,11,21,.344,-8.67,-5.93,,6,10,,6,9,,5,12,,2517,2583,,74.7,104.8,.246,.348,.550,48.3,43.7,6.8,9.3,.528,15.4,25.8,.172
166,Maryland-Eastern Shore,29,9,20,.310,-17.33,-6.33,,4,10,,9,4,,0,15,,1890,2046,,68.3,94.2,.325,.343,.492,48.4,46.7,10.1,7.6,.452,17.2,29.4,.232
167,Massachusetts,31,20,11,.645,7.59,0.88,,11,7,,13,3,,4,6,,2401,2193,,69.2,111.5,.358,.351,.539,53.0,56.3,11.0,8.6,.506,13.4,36.6,.250
168,Massachusetts-Lowell,32,22,10,.688,-1.28,-6.07,,11,5,,12,3,,10,7,,2561,2261,,72.6,109.4,.388,.294,.562,55.1,44.5,9.5,11.6,.523,15.7,33.4,.285
169,McNeese State NCAA,34,30,4,.882,6.42,-6.81,,17,1,,18,0,,11,3,,2719,2116,,67.6,118.3,.373,.336,.578,52.2,52.0,15.2,12.1,.552,12.3,33.5,.258
170,Memphis,32,22,10,.688,9.00,4.25,,11,7,,13,2,,7,6,,2576,2424,,72.0,110.9,.363,.389,.563,50.3,48.8,11.8,12.6,.528,15.5,33.4,.263
171,Mercer,33,16,17,.485,-4.65,-2.55,,8,10,,10,6,,4,9,,2348,2371,,67.5,105.4,.288,.310,.527,49.5,49.3,10.3,9.7,.502,14.1,31.2,.193
172,Merrimack,33,21,12,.636,-5.24,-8.43,,13,3,,13,2,,7,9,,2283,2159,,68.6,100.0,.342,.429,.541,45.2,51.4,14.2,9.4,.505,17.1,23.5,.249
173,Miami (FL),32,15,17,.469,9.59,7.46,,6,14,,11,6,,2,9,,2424,2356,,69.9,107.9,.246,.404,.554,50.6,51.1,10.2,9.3,.527,15.0,28.7,.184
174,Miami (OH),32,15,17,.469,-6.45,-4.08,,9,9,,9,6,,6,10,,2259,2241,,68.5,102.6,.317,.398,.545,47.6,57.9,9.2,8.3,.515,15.3,23.7,.224
175,Michigan,32,8,24,.250,5.28,11.34,,3,17,,5,10,,2,10,,2334,2528,,68.9,104.6,.320,.380,.542,50.4,48.3,6.0,8.5,.512,16.1,30.6,.225
176,Michigan State NCAA,35,20,15,.571,17.72,10.89,,10,10,,14,4,,3,7,,2551,2312,,66.4,109.4,.293,.304,.544,50.8,58.8,10.6,11.7,.516,13.0,29.8,.207
177,Middle Tennessee,33,14,19,.424,-7.45,-0.52,,7,9,,11,6,,1,10,,2167,2319,,66.8,96.5,.342,.420,.506,49.0,44.4,7.8,10.2,.467,17.7,29.1,.241
178,Milwaukee,35,20,15,.571,-5.01,-4.47,,12,8,,12,4,,6,9,,2782,2753,,70.9,110.2,.341,.392,.545,52.0,50.8,8.2,11.4,.509,14.7,35.9,.248
179,Minnesota,34,19,15,.559,9.51,6.40,,9,11,,16,4,,3,9,,2550,2444,,67.7,110.3,.347,.391,.567,51.5,64.6,9.3,10.8,.541,15.4,30.7,.239
180,Mississippi,32,20,12,.625,8.30,7.27,,7,11,,14,4,,4,7,,2398,2365,,68.6,109.3,.351,.352,.548,47.5,57.7,11.4,15.2,.511,13.6,30.3,.255
181,Mississippi State NCAA,35,21,14,.600,14.19,9.16,,8,10,,11,4,,2,8,,2593,2417,,68.7,107.5,.374,.385,.543,53.9,53.5,11.8,9.0,.514,16.0,35.4,.251
182,Mississippi Valley State,31,1,30,.032,-26.17,-3.91,,1,17,,1,8,,0,22,,1719,2409,,66.2,83.4,.330,.304,.461,45.1,44.2,9.9,6.5,.425,21.0,27.9,.217
183,Missouri,32,8,24,.250,3.27,7.30,,0,18,,6,11,,2,10,,2309,2438,,68.4,105.0,.317,.397,.546,45.5,48.3,11.1,14.1,.502,14.9,26.8,.251
184,Missouri State,33,17,16,.515,0.98,1.01,,8,12,,9,5,,4,10,,2351,2352,,68.4,102.6,.315,.368,.530,53.3,47.1,6.2,11.8,.497,15.2,29.1,.224
185,Monmouth,33,18,15,.545,-3.17,-2.98,,10,8,,13,1,,2,13,,2390,2396,,68.1,106.4,.293,.363,.525,48.9,50.2,10.5,10.5,.493,13.2,30.6,.209
186,Montana,36,24,12,.667,-1.41,-4.11,,12,6,,13,3,,8,7,,2768,2586,,67.2,113.6,.290,.373,.586,51.1,53.3,7.1,7.6,.552,13.6,26.2,.230
187,Montana State NCAA,35,17,18,.486,-5.34,-4.46,,9,9,,10,7,,4,10,,2635,2606,,69.7,106.4,.296,.429,.574,46.4,49.2,11.7,6.4,.547,15.1,20.8,.216
188,Morehead State NCAA,35,26,9,.743,0.51,-5.52,,14,4,,14,1,,9,7,,2635,2220,,66.2,113.7,.293,.451,.572,56.1,55.7,8.9,11.9,.548,15.2,35.3,.207
189,Morgan State,31,11,20,.355,-16.07,-5.90,,7,7,,8,5,,3,12,,2253,2402,,71.7,100.6,.301,.271,.529,48.7,46.2,8.6,8.6,.491,17.5,31.2,.228
190,Mount St. Mary's,32,13,19,.406,-6.54,-7.45,,9,11,,8,5,,5,13,,2327,2298,,69.3,103.7,.267,.332,.558,52.0,48.3,9.8,10.1,.532,18.2,30.2,.193
191,Murray State,32,12,20,.375,0.36,1.59,,9,11,,8,8,,4,9,,2232,2237,,65.5,106.1,.297,.354,.531,49.6,44.9,9.1,8.7,.503,12.6,27.0,.207
192,Navy,31,13,18,.419,-11.70,-9.54,,8,10,,10,5,,3,13,,2060,2067,,65.4,100.8,.349,.333,.488,49.7,52.5,10.1,6.4,.446,13.1,32.4,.247
193,NC State NCAA,41,26,15,.634,12.81,8.93,,9,11,,12,5,,4,7,,3101,2942,,68.5,109.1,.320,.333,.542,49.4,48.0,10.5,9.7,.507,12.1,28.1,.234
194,Nebraska NCAA,34,23,11,.676,14.36,7.53,,12,8,,18,1,,3,8,,2643,2411,,69.4,110.8,.326,.443,.567,50.2,57.1,9.0,7.1,.531,13.9,27.6,.248
195,Nevada NCAA,34,26,8,.765,12.85,4.58,,13,5,,15,2,,8,3,,2582,2276,,66.9,113.0,.443,.336,.573,51.3,58.0,9.4,11.0,.535,13.2,27.6,.319
196,Nevada-Las Vegas,34,21,13,.618,8.38,6.25,,12,6,,13,6,,8,4,,2501,2341,,66.2,109.5,.323,.350,.553,50.3,49.7,9.1,12.9,.521,14.3,30.8,.234
197,New Hampshire,31,16,15,.516,-6.15,-3.61,,7,9,,9,5,,7,10,,2298,2297,,73.3,100.7,.292,.438,.522,49.0,45.6,9.9,5.4,.485,14.5,23.7,.218
198,New Mexico NCAA,36,26,10,.722,15.04,5.38,,10,8,,13,3,,5,6,,2916,2545,,72.5,111.7,.331,.303,.538,52.8,49.1,12.0,13.2,.505,11.7,33.4,.234
199,New Mexico State,32,13,19,.406,-8.62,0.74,,7,9,,12,3,,1,13,,2166,2318,,68.6,97.5,.339,.344,.512,48.9,46.6,8.8,9.4,.480,15.3,26.0,.229
200,New Orleans,33,10,23,.303,-16.80,-5.90,,4,14,,7,6,,2,15,,2427,2622,,73.2,100.1,.382,.291,.508,46.4,46.2,10.5,8.6,.462,14.6,29.3,.275
201,Niagara,32,16,16,.500,-8.40,-7.21,,11,9,,5,9,,10,6,,2319,2307,,67.9,105.5,.362,.314,.566,49.2,49.8,8.2,5.3,.527,15.6,24.0,.272
202,Nicholls State,34,20,14,.588,-7.14,-5.37,,13,5,,10,2,,8,10,,2512,2514,,67.8,105.5,.383,.408,.557,48.9,45.6,9.6,10.8,.519,16.6,27.7,.278
203,NJIT,28,7,21,.250,-14.65,-4.46,,3,13,,5,8,,2,13,,1902,2101,,68.6,99.0,.315,.396,.492,47.9,44.3,10.5,8.9,.454,13.9,29.9,.223
204,Norfolk State,35,24,11,.686,-5.76,-7.76,,11,3,,15,0,,6,8,,2608,2364,,68.3,108.7,.398,.332,.554,51.0,48.0,12.8,10.5,.515,15.3,32.6,.288
205,North Alabama,32,15,17,.469,-7.17,-5.00,,8,8,,10,4,,5,13,,2447,2435,,68.9,109.2,.328,.352,.548,49.9,41.9,7.6,8.3,.508,12.7,27.8,.252
206,North Carolina NCAA,37,29,8,.784,21.36,9.90,,17,3,,14,1,,8,2,,3032,2608,,71.3,114.6,.362,.361,.557,54.9,51.2,8.1,10.3,.515,12.0,33.0,.275
207,North Carolina A&T,32,7,25,.219,-16.31,-3.94,,5,13,,4,7,,2,14,,2098,2494,,68.0,96.4,.340,.357,.482,43.9,44.9,8.3,8.6,.439,12.1,24.3,.242
208,North Carolina Central,31,18,13,.581,-7.88,-8.84,,9,5,,11,2,,6,9,,2375,2139,,69.2,109.9,.394,.376,.552,50.0,48.4,11.0,7.4,.518,14.7,32.2,.274
209,North Dakota,32,18,14,.563,-6.24,-6.10,,10,6,,9,5,,7,8,,2408,2300,,67.9,110.4,.310,.418,.543,52.1,43.2,9.3,7.8,.512,12.7,31.4,.221
210,North Dakota State,32,15,17,.469,-7.57,-3.15,,8,8,,10,4,,5,11,,2388,2366,,66.6,109.1,.296,.364,.571,51.7,42.4,6.4,3.4,.545,14.5,26.0,.213
211,North Florida,32,16,16,.500,-6.95,-4.84,,9,7,,11,5,,5,11,,2496,2427,,69.4,111.1,.283,.555,.574,48.5,46.9,8.0,8.6,.543,14.3,25.5,.216
212,North Texas,34,19,15,.559,8.41,4.28,,10,8,,11,4,,6,6,,2353,2169,,63.2,108.7,.297,.395,.541,51.5,45.8,11.1,8.8,.508,14.8,34.1,.219
213,Northeastern,32,12,20,.375,-6.09,-3.15,,7,11,,7,5,,4,13,,2221,2315,,65.8,105.5,.298,.361,.546,52.0,53.7,9.5,9.8,.512,16.4,31.8,.223
214,Northern Arizona,33,14,19,.424,-12.17,-4.17,,7,11,,7,5,,6,12,,2265,2529,,69.0,98.7,.311,.352,.524,46.1,53.8,8.1,8.1,.493,16.1,24.1,.217
215,Northern Colorado,33,19,14,.576,-4.44,-5.25,,12,6,,11,3,,7,8,,2617,2542,,69.9,110.1,.292,.366,.575,50.5,49.7,8.7,6.5,.549,13.9,24.4,.213
216,Northern Illinois,31,11,20,.355,-9.16,-1.37,,5,13,,5,9,,5,11,,2269,2399,,69.7,103.7,.365,.386,.537,49.3,39.6,7.5,12.6,.507,15.7,29.0,.245
217,Northern Iowa,33,19,14,.576,3.83,2.86,,12,8,,11,3,,6,8,,2417,2346,,67.7,107.3,.377,.373,.554,50.6,49.1,9.1,7.8,.520,13.5,23.9,.267
218,Northern Kentucky,33,18,15,.545,-3.66,-3.73,,12,8,,12,3,,6,11,,2470,2416,,69.7,105.8,.357,.339,.546,49.0,51.7,12.2,7.5,.510,15.2,29.9,.257
219,Northwestern NCAA,34,22,12,.647,12.77,8.50,,12,8,,15,2,,4,7,,2493,2348,,64.8,111.2,.292,.364,.558,48.4,59.4,10.7,9.5,.526,11.8,25.7,.220
220,Northwestern State,32,9,23,.281,-14.42,-6.32,,7,11,,6,7,,3,13,,2257,2429,,69.3,100.2,.354,.343,.516,47.7,45.5,9.9,9.0,.486,16.3,30.7,.233
221,Notre Dame,33,13,20,.394,4.94,8.06,,7,13,,9,8,,2,10,,2113,2216,,64.8,97.6,.279,.433,.512,51.2,45.1,8.7,6.6,.476,16.7,28.4,.207
222,Oakland NCAA,36,24,12,.667,2.02,-1.24,,15,5,,10,3,,9,7,,2751,2634,,68.0,110.5,.308,.413,.554,50.9,54.0,9.5,7.8,.519,13.8,30.4,.231
223,Ohio,33,20,13,.606,0.48,-4.58,,13,5,,12,3,,5,7,,2551,2309,,68.3,111.9,.314,.416,.559,49.0,51.5,10.3,9.9,.527,12.3,28.8,.229
224,Ohio State,36,22,14,.611,13.64,8.37,,9,11,,15,5,,2,8,,2718,2528,,67.4,110.9,.337,.346,.551,51.9,53.0,8.2,11.7,.510,13.4,31.4,.259
225,Oklahoma,32,20,12,.625,14.66,8.07,,8,10,,14,4,,3,6,,2412,2201,,68.4,109.4,.377,.385,.569,52.7,51.1,8.6,8.7,.531,15.8,30.1,.280
226,Oklahoma State,32,12,20,.375,6.25,7.97,,4,14,,10,8,,1,9,,2272,2327,,68.0,103.2,.340,.432,.544,49.8,54.0,9.1,7.3,.513,16.5,27.5,.237
227,Old Dominion,32,7,25,.219,-8.35,-1.58,,3,15,,5,10,,1,12,,2268,2464,,71.2,98.8,.275,.347,.501,46.7,39.2,10.9,11.2,.476,13.4,25.5,.182
228,Omaha,33,15,18,.455,-7.38,-5.07,,7,9,,11,3,,2,13,,2441,2404,,68.0,108.0,.392,.337,.549,49.9,39.8,8.8,6.9,.506,12.8,25.0,.291
229,Oral Roberts,31,12,19,.387,-7.43,-2.60,,5,11,,9,5,,2,13,,2275,2334,,68.6,106.2,.267,.428,.547,46.2,42.0,8.2,9.1,.517,12.6,21.8,.198
230,Oregon NCAA,36,24,12,.667,12.22,8.91,,12,8,,13,3,,6,5,,2721,2602,,68.3,109.6,.320,.363,.551,50.3,50.6,10.4,10.1,.519,12.9,28.6,.230
231,Oregon State,32,13,19,.406,3.28,8.38,,5,15,,12,6,,1,9,,2204,2326,,66.2,101.7,.361,.342,.539,48.8,46.0,8.9,10.5,.499,16.2,26.8,.266
232,Pacific,32,6,26,.188,-17.42,-0.15,,0,16,,5,12,,1,13,,2071,2553,,69.3,92.7,.369,.365,.500,41.9,58.2,8.7,5.7,.469,15.4,19.0,.237
233,Penn State,33,16,17,.485,9.22,7.52,,9,11,,13,4,,2,8,,2478,2422,,70.2,106.1,.353,.392,.544,46.6,48.8,11.8,8.8,.503,13.8,26.8,.264
234,Pennsylvania,29,11,18,.379,-3.33,0.26,,3,11,,9,6,,2,10,,2159,2157,,66.5,110.1,.272,.436,.555,51.7,54.8,8.8,6.9,.534,14.3,30.0,.187
235,Pepperdine,33,13,20,.394,-2.14,0.70,,5,11,,9,8,,3,8,,2403,2443,,68.4,106.4,.326,.324,.541,50.8,50.5,7.5,7.1,.510,14.3,29.1,.230
236,Pittsburgh,33,22,11,.667,14.89,6.92,,12,8,,13,5,,7,4,,2495,2232,,67.0,112.9,.305,.444,.545,52.6,51.8,9.4,13.0,.516,11.5,31.0,.216
237,Portland,33,12,21,.364,-8.20,1.54,,5,11,,9,6,,2,11,,2360,2622,,69.0,103.3,.307,.445,.545,48.2,54.0,6.0,6.2,.514,15.4,24.1,.220
238,Portland State,32,17,15,.531,-7.15,-4.94,,8,10,,11,2,,5,11,,2302,2299,,69.4,102.8,.335,.375,.510,50.0,46.8,10.1,9.4,.476,13.8,30.2,.229
239,Prairie View,31,10,21,.323,-15.41,-6.92,,5,13,,5,6,,4,15,,2176,2368,,72.8,96.4,.369,.267,.506,45.2,48.4,12.5,7.6,.461,15.5,26.9,.266
240,Presbyterian,33,14,19,.424,-8.13,-5.57,,6,10,,8,7,,5,9,,2469,2413,,68.9,107.7,.369,.331,.553,49.6,47.5,10.1,9.1,.527,14.4,27.6,.245
241,Princeton,29,24,5,.828,6.55,-1.60,,12,2,,12,1,,11,3,,2235,1932,,65.8,117.1,.276,.504,.583,51.0,54.3,9.1,5.6,.548,11.0,25.7,.222
242,Providence,35,21,14,.600,12.56,8.93,,10,10,,14,5,,4,7,,2534,2407,,68.4,104.7,.318,.443,.547,50.5,53.5,9.3,11.7,.515,15.5,27.0,.230
243,Purdue NCAA,39,34,5,.872,24.93,11.60,,17,3,,16,0,,7,3,,3211,2691,,68.3,119.5,.413,.347,.591,58.0,64.9,7.9,9.3,.558,14.0,37.7,.297
244,Purdue Fort Wayne,36,23,13,.639,-0.74,-6.09,,11,9,,11,5,,10,8,,2886,2577,,72.3,110.1,.293,.422,.568,46.9,47.0,12.7,8.5,.544,12.9,23.6,.206
245,Queens (NC),33,14,19,.424,-8.75,-3.49,,7,9,,11,3,,2,16,,2643,2693,,73.6,108.7,.331,.412,.545,49.6,46.9,9.5,7.0,.513,13.5,29.2,.235
246,Quinnipiac,34,24,10,.706,-3.08,-7.32,,15,5,,13,3,,10,5,,2630,2422,,71.9,107.2,.309,.346,.549,52.5,51.1,10.6,9.6,.510,15.0,31.6,.239
247,Radford,33,16,17,.485,-5.66,-3.47,,5,11,,8,5,,4,12,,2377,2361,,65.3,109.1,.282,.343,.550,49.7,42.0,8.4,10.0,.519,14.2,30.9,.208
248,Rhode Island,32,12,20,.375,-2.26,2.87,,6,12,,9,8,,3,8,,2322,2443,,69.0,105.2,.396,.333,.543,51.7,49.4,6.8,8.3,.517,15.9,30.0,.256
249,Rice,32,11,21,.344,-3.22,1.97,,5,13,,6,10,,5,7,,2304,2421,,67.5,105.4,.296,.396,.537,49.9,55.3,8.1,9.8,.510,14.8,29.1,.206
250,Richmond,33,23,10,.697,7.67,2.09,,15,3,,15,1,,7,6,,2372,2188,,67.4,106.2,.276,.354,.555,46.9,49.9,9.8,8.5,.527,11.8,17.3,.202
251,Rider,32,15,17,.469,-5.73,-4.28,,12,8,,9,4,,6,12,,2309,2308,,69.1,103.2,.317,.281,.522,51.9,51.1,9.4,10.7,.483,15.3,31.9,.237
252,Robert Morris,32,10,22,.313,-9.57,-4.31,,6,14,,7,9,,3,13,,2326,2425,,68.7,104.1,.280,.421,.533,52.0,51.7,7.0,7.5,.503,16.9,33.8,.201
253,Rutgers,32,15,17,.469,7.41,8.57,,7,13,,12,5,,3,9,,2092,2129,,68.6,95.0,.329,.317,.469,48.4,50.3,11.2,15.3,.435,14.1,30.2,.216
254,Sacramento State,34,10,24,.294,-10.87,-3.71,,4,14,,6,8,,2,13,,2282,2394,,65.5,102.4,.322,.420,.533,55.0,55.6,8.0,8.2,.500,18.8,35.4,.231
255,Sacred Heart,32,16,16,.500,-9.91,-9.45,,10,6,,11,5,,4,11,,2372,2313,,70.3,105.4,.309,.342,.545,47.6,50.9,12.4,14.4,.518,14.6,27.1,.214
256,Saint Francis (PA),30,8,22,.267,-18.60,-8.14,,3,13,,6,8,,2,14,,1955,2181,,66.7,97.3,.328,.342,.503,50.3,51.5,8.9,10.2,.481,17.5,33.3,.200
257,Saint Joseph's,35,21,14,.600,6.59,1.67,,9,9,,14,3,,3,10,,2641,2469,,68.6,109.2,.287,.478,.558,50.5,55.3,10.2,11.1,.530,14.5,29.1,.208
258,Saint Louis,33,13,20,.394,-1.57,4.15,,5,13,,8,8,,3,9,,2473,2620,,69.8,107.4,.373,.376,.561,48.9,50.4,8.7,8.9,.520,15.0,25.9,.280
259,Saint Mary's (CA) NCAA,34,26,8,.765,16.31,3.46,,15,1,,14,4,,9,0,,2516,2013,,63.8,115.2,.285,.365,.552,58.8,58.8,10.2,10.3,.531,13.2,39.4,.192
260,Saint Peter's NCAA,33,19,14,.576,-4.58,-5.33,,12,8,,8,5,,8,8,,2140,2113,,65.4,98.8,.390,.322,.493,51.2,48.6,10.8,12.4,.446,16.0,34.5,.278
261,Sam Houston,33,21,12,.636,-0.37,-1.72,,13,3,,12,2,,7,9,,2381,2282,,69.4,103.2,.340,.358,.526,52.6,51.3,9.8,6.6,.488,16.1,32.5,.246
262,Samford NCAA,35,29,6,.829,6.32,-3.23,,15,3,,18,0,,8,5,,3012,2607,,74.4,115.7,.355,.413,.599,49.9,58.7,13.3,10.5,.571,15.3,30.6,.257
263,San Diego,33,18,15,.545,-5.31,0.33,,7,9,,12,6,,4,7,,2392,2550,,72.0,100.7,.320,.342,.525,47.7,50.9,10.1,10.8,.488,16.1,27.5,.233
264,San Diego State NCAA,37,26,11,.703,14.68,8.37,,11,7,,14,1,,6,8,,2742,2467,,67.0,108.7,.362,.379,.540,52.9,50.4,10.9,11.9,.500,14.0,33.2,.265
265,San Francisco,34,23,11,.676,9.68,0.23,,11,5,,14,2,,6,6,,2643,2262,,68.5,112.7,.233,.404,.582,52.9,55.7,11.9,10.4,.558,14.7,29.5,.176
266,San Jose State,32,9,23,.281,-3.82,3.28,,2,16,,6,9,,1,12,,2228,2403,,66.4,104.0,.228,.419,.542,46.2,52.0,7.7,9.1,.520,14.0,23.1,.160
267,Santa Clara,33,20,13,.606,5.39,1.73,,10,6,,11,4,,5,6,,2538,2384,,69.8,109.8,.313,.386,.557,54.9,54.5,6.8,7.1,.528,15.6,34.6,.223
268,Seattle,37,23,14,.622,4.03,-1.64,,11,9,,14,4,,4,9,,2730,2471,,68.6,105.5,.341,.378,.548,53.1,50.3,8.3,7.6,.512,15.9,29.8,.251
269,Seton Hall,37,25,12,.676,12.67,8.80,,13,7,,17,3,,5,7,,2730,2587,,67.4,108.1,.309,.312,.545,53.4,48.7,11.1,14.2,.504,15.7,35.2,.241
270,Siena,32,4,28,.125,-19.20,-5.20,,3,17,,2,12,,2,13,,1934,2382,,67.1,90.0,.308,.343,.480,50.7,48.7,7.6,10.3,.447,20.0,33.2,.205
271,South Alabama,32,16,16,.500,-5.92,-3.37,,8,10,,11,6,,5,9,,2367,2421,,70.2,103.8,.324,.367,.544,46.1,40.8,9.5,7.0,.506,14.3,22.6,.243
272,South Carolina NCAA,34,26,8,.765,10.98,6.48,,13,5,,14,3,,8,3,,2450,2297,,64.8,110.4,.318,.411,.540,52.1,60.6,7.3,8.2,.509,13.2,32.8,.226
273,South Carolina State,32,14,18,.438,-11.85,-6.18,,9,5,,9,4,,5,13,,2245,2390,,70.3,99.0,.362,.324,.501,52.8,55.5,11.8,10.3,.462,17.8,38.7,.249
274,South Carolina Upstate,30,10,20,.333,-9.36,-3.02,,5,11,,6,7,,4,12,,2130,2188,,68.4,102.4,.302,.394,.531,45.5,48.1,10.4,9.1,.511,14.7,24.6,.194
275,South Dakota,32,12,20,.375,-12.55,-5.41,,5,11,,9,6,,2,12,,2434,2535,,69.8,107.3,.304,.349,.555,52.1,44.7,5.1,4.4,.522,15.8,30.2,.226
276,South Dakota State NCAA,35,22,13,.629,0.52,-2.70,,12,4,,11,3,,6,5,,2675,2490,,68.6,110.7,.292,.406,.579,51.4,46.1,8.8,10.2,.555,14.6,25.1,.207
277,South Florida,33,25,8,.758,7.37,0.97,,16,2,,15,3,,8,4,,2499,2288,,69.0,109.8,.378,.423,.557,49.5,58.7,10.1,9.4,.518,13.7,28.2,.279
278,Southeast Missouri State,31,9,22,.290,-18.25,-6.55,,4,14,,8,7,,1,14,,2078,2278,,70.4,94.8,.277,.341,.497,46.8,50.1,8.1,6.4,.465,15.1,24.8,.194
279,Southeastern Louisiana,32,15,17,.469,-11.31,-6.14,,10,8,,9,4,,6,10,,2209,2271,,66.9,102.3,.347,.383,.536,51.0,60.6,10.3,7.1,.498,17.7,31.8,.252
280,Southern,32,18,14,.563,-8.74,-6.09,,12,6,,11,2,,7,11,,2275,2198,,70.7,99.8,.357,.374,.532,48.9,54.5,12.8,9.8,.502,17.6,28.8,.241
281,Southern California,33,15,18,.455,9.36,9.54,,8,12,,9,6,,3,9,,2446,2452,,69.7,104.8,.336,.367,.546,48.6,59.1,10.6,14.2,.517,15.7,29.0,.233
282,Southern Illinois,32,19,13,.594,4.10,0.52,,11,9,,13,5,,5,6,,2325,2183,,65.4,109.3,.360,.436,.569,50.8,57.6,8.2,8.1,.529,14.8,26.3,.274
283,SIU Edwardsville,33,17,16,.515,-9.08,-7.54,,9,9,,12,2,,2,13,,2360,2314,,67.7,105.6,.321,.366,.521,50.5,45.0,10.1,12.0,.484,13.5,31.1,.233
284,Southern Indiana,32,8,24,.250,-13.63,-5.59,,5,13,,5,10,,3,13,,2195,2335,,69.7,98.1,.375,.367,.514,49.7,49.1,9.1,8.4,.466,16.5,27.6,.279
285,Southern Methodist,33,20,13,.606,10.22,2.56,,11,7,,14,3,,5,8,,2535,2271,,68.6,111.5,.290,.352,.533,53.4,55.4,12.2,13.0,.507,13.5,38.5,.199
286,Southern Mississippi,32,16,16,.500,-5.93,-2.93,,9,9,,11,3,,5,9,,2236,2273,,69.5,100.6,.380,.336,.519,50.1,48.5,10.3,12.6,.479,16.0,29.4,.266
287,Southern Utah,31,10,21,.323,-5.72,-1.17,,5,15,,6,8,,3,13,,2326,2406,,71.4,104.6,.362,.349,.533,47.5,45.7,9.1,6.7,.493,14.6,28.5,.264
288,St. Bonaventure,33,20,13,.606,6.77,1.95,,9,9,,11,4,,5,6,,2424,2265,,66.0,110.0,.322,.367,.562,50.6,48.3,9.9,12.0,.523,14.2,29.7,.249
289,St. John's (NY),33,20,13,.606,16.49,9.58,,11,9,,13,5,,5,6,,2602,2374,,69.6,113.3,.273,.325,.538,53.6,53.4,10.1,14.7,.509,13.0,38.6,.199
290,St. Thomas,33,20,13,.606,-0.92,-5.72,,9,7,,12,2,,6,9,,2402,2140,,63.9,113.4,.289,.454,.579,50.0,52.5,9.6,6.7,.553,12.7,24.9,.211
291,Stanford,32,14,18,.438,7.35,7.48,,8,12,,10,6,,3,8,,2443,2447,,70.9,106.1,.286,.410,.570,49.0,58.4,7.6,7.9,.543,16.1,23.2,.208
292,Stephen F. Austin,33,18,15,.545,-0.95,-1.76,,10,10,,10,5,,5,8,,2463,2353,,71.5,102.4,.421,.321,.543,52.2,49.7,12.3,8.3,.503,18.9,34.4,.297
293,Stetson NCAA,35,22,13,.629,-5.09,-3.24,,11,5,,14,2,,6,10,,2687,2566,,67.5,113.4,.302,.417,.572,50.0,48.9,7.9,8.0,.539,13.6,29.1,.231
294,Stonehill,31,4,27,.129,-20.10,-6.10,,2,14,,4,8,,0,19,,1967,2360,,69.2,91.4,.232,.466,.495,45.7,51.3,9.2,7.6,.470,17.5,22.9,.160
295,Stony Brook,35,20,15,.571,-2.59,-2.62,,10,8,,13,3,,4,11,,2573,2531,,67.5,106.6,.292,.369,.538,49.6,46.0,8.7,9.1,.504,13.0,26.9,.216
296,Syracuse,32,20,12,.625,8.53,9.40,,11,9,,14,2,,4,7,,2442,2420,,72.1,105.9,.331,.340,.551,46.9,50.1,12.6,10.5,.518,14.1,24.7,.239
297,Tarleton State,35,25,10,.714,1.40,-0.97,,16,4,,13,4,,10,5,,2593,2402,,68.4,108.0,.308,.298,.541,49.4,50.7,12.8,10.0,.503,14.1,31.2,.233
298,TCU NCAA,34,21,13,.618,14.62,7.32,,9,9,,12,4,,6,5,,2687,2439,,70.6,110.3,.350,.303,.551,53.4,59.6,12.5,10.2,.515,15.2,35.9,.256
299,Temple,36,16,20,.444,-1.26,1.68,,5,13,,5,9,,5,7,,2551,2624,,68.0,102.1,.320,.421,.500,48.2,45.9,10.6,8.2,.463,12.3,28.4,.227
300,Tennessee NCAA,36,27,9,.750,21.81,10.42,,14,4,,14,2,,8,3,,2836,2426,,70.3,112.1,.337,.412,.550,52.4,61.3,11.1,13.5,.511,12.5,32.2,.253
301,Tennessee State,33,18,15,.545,-9.64,-7.64,,10,8,,11,3,,5,10,,2400,2343,,69.8,103.8,.365,.355,.544,49.4,47.6,9.5,9.3,.500,16.5,29.0,.276
302,Tennessee Tech,31,10,21,.323,-15.04,-6.29,,5,13,,7,8,,3,13,,2089,2289,,67.6,98.9,.309,.359,.538,46.2,50.0,7.4,7.6,.508,16.0,18.8,.219
303,Tennessee-Martin,32,21,11,.656,-5.57,-7.25,,14,4,,12,2,,9,7,,2609,2455,,74.5,108.6,.326,.381,.552,51.9,45.7,8.3,6.9,.512,13.4,27.1,.251
304,Texas NCAA,34,21,13,.618,15.91,9.41,,9,9,,14,4,,4,6,,2563,2342,,68.2,110.1,.302,.348,.564,50.4,54.9,10.5,11.4,.530,14.7,29.9,.228
305,Texas A&M NCAA,36,21,15,.583,13.35,9.32,,9,9,,10,5,,6,6,,2736,2591,,67.8,111.4,.386,.377,.502,56.0,44.5,10.2,9.4,.457,11.3,42.3,.273
306,Texas A&M-Corpus Christi,33,21,12,.636,-4.45,-7.24,,14,4,,13,2,,8,7,,2480,2200,,71.2,105.2,.361,.301,.517,54.5,54.6,12.3,8.7,.479,14.3,34.6,.254
307,Texas Southern,33,16,17,.485,-9.09,-7.03,,12,6,,7,4,,6,11,,2316,2346,,69.5,100.5,.302,.387,.512,49.2,46.8,9.9,10.4,.476,15.5,30.2,.218
308,Texas State,35,17,18,.486,-3.71,-0.74,,7,11,,9,4,,5,11,,2445,2452,,68.4,101.4,.376,.245,.522,51.3,46.8,10.7,9.3,.484,16.7,31.9,.262
309,Texas Tech NCAA,34,23,11,.676,14.96,9.28,,11,7,,15,2,,4,6,,2561,2368,,67.2,111.7,.342,.414,.567,50.9,57.1,8.9,7.0,.526,14.3,30.3,.267
310,Texas-Rio Grande Valley,31,6,25,.194,-13.39,-0.90,,2,18,,5,9,,1,14,,2181,2473,,73.5,95.0,.404,.304,.508,45.9,53.1,10.9,7.3,.463,16.8,24.9,.285
311,The Citadel,32,11,21,.344,-6.53,-2.91,,3,15,,7,7,,2,13,,2260,2289,,67.0,105.0,.338,.337,.546,51.4,43.8,8.3,7.4,.515,15.7,28.5,.238
312,Toledo,32,20,12,.625,1.78,-2.09,,14,4,,12,3,,8,5,,2560,2436,,70.2,113.0,.353,.286,.569,50.1,46.7,10.3,5.3,.531,13.2,29.3,.266
313,Towson,34,20,14,.588,0.19,-2.27,,11,7,,12,2,,6,6,,2296,2164,,63.2,105.6,.347,.341,.509,56.0,46.6,9.7,12.3,.479,15.5,39.9,.230
314,Troy,32,20,12,.625,1.24,-3.17,,13,5,,15,2,,5,9,,2546,2261,,71.2,110.0,.386,.404,.552,52.9,51.0,14.3,8.7,.511,16.0,36.0,.283
315,Tulane,31,14,17,.452,3.65,2.68,,5,13,,11,6,,2,8,,2540,2481,,73.4,109.8,.452,.363,.581,45.7,51.4,10.5,11.7,.541,13.7,20.6,.331
316,Tulsa,31,16,15,.516,-1.20,-1.00,,7,11,,14,4,,2,9,,2325,2290,,71.4,103.8,.404,.412,.549,48.1,50.3,10.9,9.1,.506,16.0,24.8,.297
317,UAB NCAA,35,23,12,.657,5.14,3.73,,12,6,,12,5,,7,5,,2711,2627,,68.7,111.2,.400,.316,.546,52.2,50.5,9.7,11.8,.501,14.1,35.5,.298
318,UC Davis,33,20,13,.606,-1.33,-2.85,,14,6,,10,6,,8,6,,2351,2246,,68.1,103.8,.387,.378,.549,49.7,51.4,11.4,9.7,.506,17.2,29.6,.289
319,UC Irvine,34,24,10,.706,6.89,-0.93,,17,3,,13,0,,8,9,,2639,2321,,69.7,110.5,.332,.278,.560,53.5,54.7,9.2,8.2,.524,14.3,31.7,.250
320,UC Riverside,34,16,18,.471,-4.26,-1.23,,10,10,,10,5,,4,12,,2404,2448,,67.7,104.0,.285,.426,.499,51.0,53.0,8.3,3.8,.464,11.9,31.1,.204
321,UC San Diego,33,21,12,.636,2.04,-2.80,,15,5,,14,2,,7,8,,2530,2290,,66.9,113.3,.323,.423,.567,50.5,48.5,9.2,7.5,.533,12.6,28.1,.243
322,UC Santa Barbara,31,16,15,.516,-3.19,-3.01,,9,11,,9,7,,6,7,,2337,2280,,69.0,108.4,.402,.308,.583,52.1,50.5,7.1,8.0,.546,16.8,26.4,.296
323,UCF,33,17,16,.515,11.92,8.17,,7,11,,11,8,,3,7,,2366,2242,,69.3,103.0,.372,.359,.517,52.2,45.9,12.5,15.2,.478,15.3,32.9,.261
324,UCLA,33,16,17,.485,7.50,7.84,,10,10,,9,7,,5,6,,2177,2160,,64.8,101.9,.354,.303,.512,50.9,48.3,9.0,10.9,.469,14.4,30.4,.258
325,UNC Asheville,34,22,12,.647,-1.92,-2.99,,12,4,,12,2,,5,7,,2682,2485,,70.3,111.0,.410,.389,.576,49.5,58.9,8.4,11.2,.536,14.7,28.1,.304
326,UNC Greensboro,32,21,11,.656,-0.27,-2.90,,12,6,,11,3,,7,7,,2422,2233,,66.9,112.2,.270,.432,.572,51.1,54.7,10.3,7.9,.546,14.1,29.8,.197
327,UNC Wilmington,31,21,10,.677,1.21,-2.90,,12,6,,10,2,,10,6,,2461,2202,,66.6,117.3,.336,.396,.567,49.8,43.9,9.6,6.7,.530,10.9,30.4,.255
328,UT Arlington,34,20,14,.588,2.38,0.69,,13,7,,12,3,,5,10,,2614,2492,,71.9,106.5,.377,.435,.560,52.7,60.9,9.8,10.2,.521,18.4,34.0,.277
329,Utah,37,22,15,.595,15.00,9.41,,9,11,,17,2,,2,9,,2915,2708,,70.9,110.0,.271,.404,.559,51.7,60.4,8.2,10.3,.543,14.1,27.6,.176
330,Utah State NCAA,35,28,7,.800,11.56,5.29,,14,4,,14,1,,8,4,,2788,2497,,69.3,113.4,.385,.333,.579,52.0,57.3,9.7,11.3,.546,13.8,28.6,.277
331,Utah Tech,31,11,20,.355,-8.08,-1.18,,7,13,,6,7,,5,13,,2194,2389,,71.9,97.7,.405,.346,.534,48.7,52.0,9.1,11.6,.506,19.4,28.4,.262
332,Utah Valley,32,16,16,.500,-1.33,-0.03,,11,9,,10,4,,5,10,,2199,2195,,69.2,98.6,.354,.292,.509,50.7,59.6,10.0,11.9,.474,15.4,28.5,.239
333,UTEP,34,18,16,.529,-1.49,-1.30,,7,9,,13,5,,2,9,,2470,2348,,71.4,101.0,.421,.317,.535,49.0,51.1,15.9,8.4,.497,17.8,30.2,.290
334,UTSA,32,11,21,.344,-5.26,-0.71,,5,13,,7,9,,4,11,,2483,2591,,71.3,107.2,.344,.452,.523,51.4,53.0,7.0,10.5,.487,13.2,32.4,.244
335,Valparaiso,32,7,25,.219,-8.25,1.17,,3,17,,6,11,,1,13,,2163,2416,,69.3,97.6,.240,.368,.495,46.3,48.2,8.9,9.3,.466,13.9,26.0,.172
336,Vanderbilt,32,9,23,.281,0.19,8.16,,4,14,,8,10,,1,9,,2173,2428,,67.8,99.7,.352,.393,.496,48.1,40.1,9.0,8.1,.454,13.2,28.2,.249
337,Vermont NCAA,35,28,7,.800,2.78,-3.31,,15,1,,16,1,,10,4,,2506,2205,,65.4,109.1,.286,.443,.557,50.6,53.1,9.0,10.7,.530,12.5,23.1,.205
338,Villanova,34,18,16,.529,14.44,9.82,,10,10,,10,6,,4,8,,2388,2231,,64.3,106.9,.268,.480,.545,50.6,52.9,8.8,7.7,.506,13.0,24.9,.216
339,Virginia NCAA,34,23,11,.676,10.45,7.31,,13,7,,15,2,,5,6,,2140,2033,,61.2,101.7,.253,.326,.506,48.4,63.0,11.4,15.5,.486,11.5,25.6,.161
340,Virginia Commonwealth,38,24,14,.632,8.70,4.41,,11,7,,13,6,,7,5,,2697,2534,,66.2,106.5,.350,.442,.562,51.5,56.8,9.7,12.8,.518,16.1,27.8,.273
341,VMI,32,4,28,.125,-20.65,-2.44,,1,17,,4,10,,0,15,,2204,2644,,74.6,92.0,.267,.348,.505,48.3,41.0,7.5,6.5,.477,18.9,25.2,.185
342,Virginia Tech,34,19,15,.559,11.91,7.97,,10,10,,15,2,,2,10,,2547,2413,,68.1,110.0,.330,.416,.578,50.4,58.0,7.8,6.5,.538,14.6,25.0,.262
343,Wagner NCAA,33,17,16,.515,-10.64,-8.58,,7,9,,7,5,,9,10,,2103,2083,,63.0,100.0,.259,.380,.489,50.4,55.5,9.3,7.2,.458,13.2,30.0,.182
344,Wake Forest,35,21,14,.600,14.94,7.52,,11,9,,17,2,,2,9,,2733,2473,,68.8,112.6,.320,.374,.581,51.2,44.3,8.5,11.0,.542,13.8,26.4,.254
345,Washington,32,17,15,.531,11.85,8.38,,9,11,,11,6,,5,6,,2579,2468,,72.0,109.8,.321,.368,.565,49.9,51.8,7.8,9.0,.535,14.1,27.1,.232
346,Washington State NCAA,35,25,10,.714,14.02,7.19,,14,6,,15,2,,6,4,,2574,2335,,66.4,109.9,.316,.322,.547,54.3,45.9,7.7,12.6,.518,14.0,32.9,.222
347,Weber State,32,20,12,.625,-0.49,-4.15,,11,7,,12,2,,7,7,,2414,2161,,66.8,112.0,.354,.401,.575,49.9,46.3,10.3,4.8,.539,13.1,23.8,.265
348,West Virginia,32,9,23,.281,3.73,10.76,,4,14,,9,9,,0,9,,2234,2459,,68.7,100.8,.371,.374,.532,48.5,54.4,6.3,10.2,.495,16.2,26.7,.262
349,Western Carolina,32,22,10,.688,1.96,-3.35,,11,7,,12,3,,10,6,,2459,2198,,68.6,110.7,.282,.363,.552,53.4,40.7,6.3,7.8,.526,12.9,29.5,.201
350,Western Illinois,33,21,12,.636,-8.75,-7.37,,13,5,,10,5,,10,6,,2272,2167,,66.9,102.1,.357,.316,.502,55.5,51.0,7.8,13.3,.477,16.1,38.3,.220
351,Western Kentucky NCAA,34,22,12,.647,1.19,-2.91,,8,8,,12,2,,6,7,,2728,2531,,76.0,105.6,.327,.321,.552,52.2,45.6,10.1,8.7,.520,16.0,29.0,.235
352,Western Michigan,32,12,20,.375,-9.30,-3.79,,9,9,,7,7,,3,12,,2281,2396,,68.6,102.7,.311,.391,.520,51.8,50.5,7.6,7.3,.499,16.3,33.8,.195
353,Wichita State,34,15,19,.441,2.02,3.20,,5,13,,10,5,,2,10,,2475,2484,,69.5,104.0,.264,.316,.526,52.6,44.2,9.0,10.8,.500,15.1,32.2,.184
354,William & Mary,33,10,23,.303,-11.33,-5.55,,4,14,,7,7,,2,13,,2305,2380,,66.7,104.4,.325,.480,.523,49.3,51.7,7.1,4.7,.490,13.9,28.1,.228
355,Winthrop,32,17,15,.531,-1.97,-3.42,,8,8,,11,5,,6,9,,2475,2287,,68.3,110.7,.486,.395,.570,51.0,46.5,9.0,8.3,.531,16.1,31.8,.341
356,Wisconsin NCAA,36,22,14,.611,16.01,11.35,,11,9,,14,3,,3,9,,2688,2520,,66.0,112.0,.338,.355,.560,52.4,48.1,9.3,4.6,.522,13.0,30.2,.255
357,Wofford,32,17,15,.531,-3.87,-1.60,,10,8,,11,2,,6,9,,2384,2362,,67.5,108.7,.279,.447,.552,53.0,56.5,6.5,8.0,.539,14.7,30.2,.173
358,Wright State,32,18,14,.563,-0.22,-3.62,,13,7,,9,7,,7,6,,2767,2599,,72.6,117.7,.328,.292,.615,51.6,51.2,8.5,7.2,.586,14.4,28.6,.248
359,Wyoming,32,15,17,.469,0.54,4.57,,8,10,,9,5,,3,10,,2331,2383,,67.9,106.4,.391,.369,.560,50.8,47.3,7.5,7.0,.519,16.4,29.1,.289
360,Xavier,34,16,18,.471,12.23,11.03,,9,11,,11,7,,3,9,,2579,2538,,71.5,106.1,.318,.320,.530,51.5,59.7,9.7,8.4,.491,14.0,31.9,.237
361,Yale NCAA,33,23,10,.697,4.63,0.41,,11,3,,9,2,,9,6,,2465,2226,,66.1,111.2,.277,.349,.553,52.8,53.9,9.2,9.6,.528,12.4,28.9,.196
362,Youngstown State,32,22,10,.688,0.97,-5.11,,14,6,,14,3,,8,7,,2598,2269,,70.8,113.8,.285,.422,.554,53.8,52.6,8.7,12.5,.519,13.1,35.0,.220