Rk,School,G,W,L,W-L%,SRS,SOS,,W,L,,W,L,,W,L,,Tm.,Opp.,,oPace,oORtg,oFTr,o3PAr,oTS%,oTRB%,oAST%,oSTL%,oBLK%,oeFG%,oTOV%,oORB%,oFT/FGA
1,Abilene Christian,34,16,18,.471,-4.12,-1.12,,10,10,,8,6,,5,10,,2452,2500,,71.1,102.2,.398,.319,.547,52.3,47.3,9.3,7.8,.514,17.8,29.7,.273
2,Air Force,31,9,22,.290,-4.77,1.43,,2,16,,4,12,,5,8,,2051,2243,,63.4,113.2,.391,.367,.580,53.8,49.9,9.0,11.3,.542,15.3,31.5,.292
3,Akron NCAA,35,24,11,.686,2.77,-2.08,,13,5,,13,1,,7,6,,2577,2316,,66.9,98.5,.283,.372,.514,47.0,45.8,8.7,7.5,.486,15.2,25.2,.194
4,Alabama NCAA,37,25,12,.676,20.69,11.80,,13,5,,14,2,,5,5,,3335,3006,,73.9,109.2,.388,.371,.540,47.4,45.9,9.9,12.8,.496,13.1,31.0,.286
5,Alabama A&M,35,12,23,.343,-14.35,-7.52,,9,9,,7,5,,4,15,,2414,2653,,71.7,105.3,.452,.369,.543,50.2,54.1,13.1,8.1,.491,16.8,32.7,.338
6,Alabama State,32,13,19,.406,-11.73,-6.87,,8,10,,7,5,,3,13,,2195,2221,,69.7,98.1,.420,.415,.529,49.9,53.4,8.7,11.7,.482,18.2,28.1,.305
7,Albany (NY),32,13,19,.406,-6.60,-5.22,,5,11,,8,5,,5,13,,2517,2521,,74.6,105.2,.383,.296,.549,50.0,46.3,9.8,11.4,.510,15.3,29.0,.278
8,Alcorn State,32,14,18,.438,-11.58,-5.61,,13,5,,7,3,,7,14,,2300,2477,,68.3,112.9,.366,.455,.580,48.6,59.5,9.2,9.5,.548,15.0,30.3,.266
9,American,32,16,16,.500,-8.96,-8.79,,10,8,,8,7,,8,9,,2200,2176,,63.1,106.9,.298,.430,.559,48.4,51.9,7.9,8.2,.535,15.1,25.2,.206
10,Appalachian State,34,27,7,.794,6.04,-2.34,,16,2,,15,0,,8,5,,2665,2283,,69.3,94.8,.212,.329,.466,46.6,40.3,9.7,5.9,.440,12.7,27.4,.147
11,Arizona NCAA,36,27,9,.750,24.54,9.45,,15,5,,15,1,,7,4,,3137,2594,,73.3,96.6,.259,.379,.513,43.4,52.3,9.3,8.5,.484,16.0,23.3,.184
12,Arizona State,32,14,18,.438,4.58,9.55,,8,12,,10,5,,3,8,,2209,2368,,70.6,104.5,.312,.392,.546,55.0,57.6,8.2,7.2,.517,16.8,29.8,.221
13,Arkansas,33,16,17,.485,6.12,8.15,,6,12,,12,6,,2,7,,2566,2633,,72.2,108.9,.390,.341,.545,51.3,47.1,8.8,7.5,.504,13.1,29.9,.284
14,Arkansas State,37,20,17,.541,0.28,-1.53,,11,7,,10,3,,5,11,,2917,2850,,70.0,109.7,.348,.269,.547,47.9,40.5,9.9,12.0,.505,12.4,28.8,.265
15,Arkansas-Pine Bluff,31,13,18,.419,-15.56,-7.60,,8,10,,8,6,,5,12,,2483,2536,,74.3,110.1,.327,.382,.546,52.5,55.7,9.6,11.3,.513,13.5,31.5,.235
16,Army,32,10,22,.313,-14.67,-8.93,,6,12,,6,11,,4,11,,1930,2059,,63.1,100.8,.307,.397,.525,50.0,56.3,11.0,9.9,.493,15.1,25.4,.216
17,Auburn NCAA,35,27,8,.771,22.46,7.66,,13,5,,15,1,,5,5,,2909,2391,,70.9,96.4,.415,.334,.492,47.7,42.7,9.4,8.5,.437,15.6,30.2,.305
18,Austin Peay,35,19,16,.543,-6.13,-4.85,,10,6,,14,3,,4,12,,2619,2561,,65.9,109.1,.367,.362,.554,51.1,46.5,6.4,8.9,.521,14.8,30.8,.260
19,Ball State,31,15,16,.484,-6.68,-5.93,,7,11,,9,7,,6,8,,2280,2200,,67.8,103.4,.277,.353,.534,49.1,47.2,9.2,8.8,.506,15.2,27.4,.197
20,Baylor NCAA,35,24,11,.686,19.50,10.71,,11,7,,15,2,,4,5,,2814,2489,,66.8,104.2,.303,.356,.547,45.4,53.0,10.2,9.8,.515,15.4,27.1,.223
21,Bellarmine,31,8,23,.258,-11.79,-2.47,,4,12,,6,7,,2,16,,2153,2320,,66.8,111.1,.304,.441,.559,53.1,50.9,6.9,8.3,.528,13.2,28.2,.223
22,Belmont,33,20,13,.606,2.79,1.44,,12,8,,12,2,,6,9,,2570,2493,,72.0,104.5,.266,.400,.535,51.4,53.8,9.3,8.6,.507,14.6,27.4,.192
23,Bethune-Cookman,34,17,17,.500,-11.87,-8.87,,11,7,,11,2,,5,11,,2479,2467,,71.8,100.0,.474,.358,.539,51.6,58.3,11.5,7.4,.491,19.7,32.5,.337
24,Binghamton,30,15,15,.500,-9.29,-5.21,,7,9,,10,4,,5,11,,2163,2167,,68.6,104.5,.327,.386,.524,46.4,43.4,9.8,11.0,.486,12.0,24.6,.238
25,Boise State NCAA,33,22,11,.667,13.31,7.35,,13,5,,13,3,,7,3,,2479,2221,,66.9,99.8,.319,.369,.530,44.4,48.5,8.5,10.7,.495,15.3,22.2,.232
26,Boston College,36,20,16,.556,9.48,7.25,,8,12,,10,6,,7,7,,2667,2587,,67.7,105.5,.281,.378,.538,49.3,51.1,9.2,9.3,.505,13.8,26.3,.210
27,Boston University,33,16,17,.485,-9.93,-8.49,,10,8,,9,7,,7,10,,2193,2198,,65.9,100.0,.355,.404,.529,48.5,50.3,9.8,8.9,.496,15.3,22.8,.244
28,Bowling Green State,34,20,14,.588,-4.93,-5.52,,10,8,,12,5,,5,7,,2502,2414,,69.1,100.9,.263,.345,.529,47.8,46.8,8.9,9.5,.506,15.1,24.9,.179
29,Bradley,35,23,12,.657,9.48,2.96,,13,7,,14,3,,6,7,,2592,2348,,66.9,99.2,.352,.383,.515,48.8,49.5,9.9,6.2,.474,16.1,27.8,.253
30,Brigham Young NCAA,34,23,11,.676,19.33,7.86,,10,8,,16,2,,3,7,,2768,2378,,69.9,100.0,.320,.340,.515,45.8,47.3,8.7,7.5,.482,14.2,24.6,.224
31,Brown,31,13,18,.419,-3.60,-1.73,,8,6,,5,7,,6,8,,2212,2227,,67.8,104.3,.319,.382,.538,48.2,51.3,9.8,9.3,.509,15.1,26.9,.222
32,Bryant,33,20,13,.606,-3.06,-3.54,,11,5,,11,3,,8,10,,2598,2488,,76.0,98.5,.324,.351,.489,52.9,46.3,9.6,8.4,.451,14.1,30.1,.226
33,Bucknell,33,14,19,.424,-8.33,-6.39,,10,8,,6,8,,8,11,,2153,2217,,64.1,103.6,.315,.422,.527,50.9,60.2,9.8,10.7,.495,14.4,28.6,.221
34,Buffalo,31,4,27,.129,-15.12,-2.82,,2,16,,2,13,,2,11,,2108,2471,,70.5,112.6,.287,.357,.564,51.3,53.5,10.8,8.4,.539,13.1,30.2,.205
35,Butler,33,18,15,.545,12.18,9.49,,9,11,,12,6,,4,7,,2544,2432,,69.4,103.8,.219,.371,.526,50.5,48.6,10.2,10.8,.500,14.1,29.1,.162
36,Cal Poly,32,4,28,.125,-13.64,-2.28,,0,20,,3,11,,0,16,,2037,2371,,66.7,109.7,.418,.305,.556,55.2,46.8,9.6,8.6,.513,15.1,33.4,.307
37,Cal State Bakersfield,32,13,19,.406,-5.37,-2.17,,8,12,,10,4,,2,13,,2199,2214,,66.3,103.1,.464,.365,.542,49.1,51.4,8.6,7.6,.493,17.1,30.9,.336
38,Cal State Fullerton,32,14,18,.438,-5.15,-1.15,,7,13,,7,7,,6,10,,2172,2212,,67.5,102.1,.349,.384,.530,52.0,51.0,9.2,7.8,.493,16.2,29.2,.250
39,Cal State Northridge,34,19,15,.559,-4.78,-4.13,,9,11,,9,7,,9,7,,2551,2503,,73.5,99.8,.375,.446,.521,46.6,58.7,10.8,7.7,.477,15.9,26.3,.274
40,California,32,13,19,.406,4.94,8.00,,9,11,,10,6,,3,8,,2367,2465,,69.7,108.0,.331,.362,.546,49.5,47.0,8.3,9.9,.513,13.0,26.7,.240
41,California Baptist,33,16,17,.485,-2.32,-2.26,,8,12,,11,7,,4,9,,2222,2197,,65.7,100.6,.295,.273,.519,46.4,46.1,8.9,9.8,.486,13.7,24.0,.212
42,Campbell,32,14,18,.438,-10.62,-5.66,,8,10,,11,6,,3,11,,2272,2307,,67.0,106.4,.242,.428,.537,51.7,51.7,9.7,9.7,.512,15.0,30.5,.173
43,Canisius,32,14,18,.438,-7.95,-4.89,,8,12,,8,4,,3,12,,2252,2307,,68.5,104.4,.277,.314,.533,47.8,51.0,9.8,7.5,.505,14.3,28.7,.196
44,Central Arkansas,32,9,23,.281,-15.70,-5.64,,5,11,,5,10,,4,13,,2309,2502,,70.7,110.1,.330,.420,.559,50.6,48.1,10.7,8.2,.528,14.1,29.8,.239
45,Central Connecticut State,31,20,11,.645,-8.15,-10.15,,13,3,,11,4,,9,7,,2237,2061,,68.0,97.0,.262,.350,.507,48.6,55.0,9.8,8.5,.482,16.3,27.1,.176
46,Central Michigan,32,18,14,.563,-8.07,-3.59,,12,6,,10,3,,7,9,,2127,2242,,66.3,102.8,.304,.407,.511,50.9,53.1,8.5,8.9,.473,14.1,30.8,.224
47,Charleston Southern,30,10,20,.333,-12.03,-1.59,,6,10,,7,7,,3,12,,2028,2210,,68.3,107.9,.328,.314,.533,50.4,43.4,9.1,7.5,.499,12.1,28.6,.232
48,Charlotte,31,19,12,.613,4.09,2.42,,13,5,,13,2,,5,7,,2131,2034,,63.1,103.2,.309,.366,.517,50.3,46.1,9.0,8.1,.484,13.7,29.0,.218
49,Chattanooga,33,21,12,.636,-0.21,-3.85,,12,6,,12,4,,8,7,,2581,2362,,68.5,103.3,.268,.422,.514,48.4,48.1,9.4,9.4,.489,13.0,28.4,.180
50,Chicago State,32,13,19,.406,-9.34,-3.03,,,,,6,5,,5,12,,2224,2258,,67.6,103.9,.336,.345,.544,50.8,49.6,10.3,7.9,.518,18.2,34.6,.226
51,Cincinnati,37,22,15,.595,15.06,8.49,,7,11,,16,5,,4,8,,2765,2522,,68.4,98.4,.291,.348,.516,44.9,53.3,9.6,9.1,.477,15.4,25.3,.219
52,Clemson NCAA,36,24,12,.667,16.20,10.04,,11,9,,12,4,,6,6,,2785,2563,,67.8,104.3,.321,.411,.520,48.4,44.7,8.9,7.1,.482,12.1,26.6,.235
53,Cleveland State,36,21,15,.583,-3.47,-4.44,,11,9,,14,3,,6,10,,2717,2622,,68.6,105.4,.367,.383,.545,51.0,50.5,7.8,7.2,.511,17.1,34.3,.259
54,Coastal Carolina,31,9,22,.290,-10.47,-2.88,,5,13,,7,12,,1,9,,2280,2434,,71.5,108.9,.296,.459,.524,48.4,55.8,11.8,8.6,.496,11.2,29.9,.203
55,Colgate NCAA,35,25,10,.714,-0.31,-5.55,,16,2,,13,3,,10,5,,2498,2242,,66.4,96.5,.240,.402,.498,48.1,53.2,8.5,7.0,.475,14.9,24.5,.161
56,College of Charleston NCAA,35,27,8,.771,4.09,-2.38,,15,3,,13,2,,10,2,,2832,2575,,70.4,104.2,.288,.371,.536,46.9,43.3,8.7,9.5,.508,14.4,25.9,.203
57,Colorado NCAA,37,26,11,.703,15.95,8.36,,13,7,,16,1,,4,7,,2935,2654,,69.0,102.9,.273,.352,.526,45.0,43.7,10.5,9.2,.497,13.4,24.8,.194
58,Colorado State NCAA,36,25,11,.694,13.40,7.28,,10,8,,15,2,,4,7,,2707,2422,,66.7,100.2,.314,.337,.519,49.5,47.1,8.1,8.0,.480,15.1,26.6,.233
59,Columbia,27,13,14,.481,-5.43,-3.72,,4,10,,9,6,,4,8,,2078,1956,,70.0,103.6,.269,.430,.537,48.3,57.0,9.0,11.0,.509,15.6,27.8,.193
60,Connecticut NCAA,40,37,3,.925,26.70,8.70,,18,2,,16,0,,9,3,,3256,2536,,66.0,96.0,.311,.329,.485,43.7,44.7,8.1,8.3,.444,13.9,26.7,.226
61,Coppin State,29,2,27,.069,-21.46,-6.49,,1,13,,2,8,,0,17,,1678,2112,,67.4,107.2,.383,.376,.554,56.5,58.6,13.1,9.5,.513,18.4,38.6,.283
62,Cornell,30,22,8,.733,3.58,-1.59,,11,3,,10,1,,10,6,,2463,2241,,71.9,103.9,.320,.416,.532,50.1,53.3,9.3,9.4,.510,16.0,30.9,.206
63,Creighton NCAA,35,25,10,.714,20.07,9.53,,14,6,,14,2,,8,5,,2815,2446,,67.6,100.9,.160,.279,.489,46.9,41.3,8.7,9.1,.463,9.6,24.9,.126
64,Dartmouth,27,6,21,.222,-13.99,-1.31,,2,12,,6,7,,0,14,,1670,1940,,66.3,108.4,.230,.425,.552,51.1,53.0,11.6,9.3,.531,12.5,24.0,.162
65,Davidson,32,15,17,.469,3.63,3.30,,5,13,,9,7,,4,8,,2242,2174,,65.9,101.5,.323,.420,.524,50.4,53.2,9.3,9.8,.493,15.3,27.5,.222
66,Dayton NCAA,33,25,8,.758,13.45,5.73,,14,4,,15,0,,6,5,,2448,2193,,64.8,102.2,.219,.401,.510,49.4,51.1,9.1,10.3,.483,13.7,28.6,.160
67,Delaware,33,19,14,.576,-1.68,-4.30,,10,8,,8,5,,8,6,,2416,2299,,67.7,102.5,.269,.363,.512,49.1,46.0,9.4,10.1,.482,12.9,27.9,.190
68,Delaware State,34,15,19,.441,-10.51,-7.58,,6,8,,7,5,,4,11,,2401,2415,,70.2,99.3,.346,.399,.542,48.4,52.9,10.2,6.5,.507,19.2,30.1,.249
69,Denver,34,17,17,.500,-7.39,-4.82,,6,10,,10,4,,4,11,,2755,2737,,71.1,111.2,.308,.351,.560,50.8,44.2,6.9,10.5,.528,12.9,28.7,.228
70,DePaul,32,3,29,.094,-6.23,10.80,,0,20,,3,15,,0,11,,2071,2616,,68.4,119.6,.284,.411,.592,55.1,58.2,11.2,10.2,.565,12.6,32.3,.212
71,Detroit Mercy,32,1,31,.031,-16.90,-2.62,,1,19,,1,11,,0,20,,2111,2568,,68.0,117.0,.319,.372,.594,55.4,52.3,9.0,8.6,.559,14.9,35.4,.249
72,Drake NCAA,35,28,7,.800,11.08,1.84,,16,4,,16,0,,6,5,,2797,2463,,68.4,100.3,.309,.388,.537,48.8,41.8,7.8,7.4,.507,15.8,22.9,.218
73,Drexel,32,20,12,.625,1.14,-3.64,,13,5,,13,1,,6,10,,2346,2130,,65.7,100.2,.267,.353,.504,44.4,43.9,8.2,7.8,.474,12.0,24.1,.188
74,Duke NCAA,36,27,9,.750,20.67,8.36,,15,5,,15,3,,7,4,,2830,2387,,67.1,98.8,.281,.347,.512,46.3,50.9,7.9,12.0,.485,14.9,25.9,.191
75,Duquesne NCAA,37,25,12,.676,7.35,4.68,,10,8,,13,4,,5,6,,2611,2467,,66.9,99.7,.346,.377,.520,49.6,53.2,9.5,10.9,.483,17.0,29.9,.245
76,East Carolina,33,15,18,.455,-0.62,1.32,,7,11,,11,9,,3,7,,2287,2319,,65.8,106.0,.320,.429,.549,49.7,53.2,9.2,9.4,.512,16.4,30.8,.240
77,East Tennessee State,35,19,16,.543,-3.11,-2.74,,8,10,,10,4,,5,11,,2502,2435,,68.8,100.7,.364,.382,.529,48.2,47.3,9.8,9.2,.495,16.9,29.2,.251
78,East Texas A&M,33,13,20,.394,-14.52,-5.19,,6,12,,8,7,,4,12,,2361,2462,,68.7,105.1,.384,.305,.546,54.4,49.8,8.0,10.7,.510,16.6,32.2,.272
79,Eastern Illinois,32,14,18,.438,-11.60,-6.50,,8,10,,9,6,,4,11,,2204,2172,,68.2,99.5,.352,.370,.541,50.1,56.0,7.7,9.9,.505,18.4,26.3,.252
80,Eastern Kentucky,31,17,14,.548,-5.42,-4.49,,12,4,,13,4,,4,10,,2504,2371,,71.8,106.0,.288,.341,.526,47.7,48.5,9.9,6.1,.491,13.4,30.8,.214
81,Eastern Michigan,31,13,18,.419,-12.76,-5.07,,6,12,,9,6,,4,11,,2047,2252,,66.4,108.2,.308,.391,.540,51.4,50.5,10.0,7.9,.513,13.7,30.8,.213
82,Eastern Washington,32,21,11,.656,-1.03,-2.99,,15,3,,11,1,,10,9,,2586,2407,,70.9,105.7,.320,.408,.546,48.2,52.0,9.5,7.6,.511,14.8,26.9,.237
83,Elon,32,13,19,.406,-11.43,-5.46,,6,12,,8,6,,3,12,,2339,2413,,68.0,110.9,.282,.407,.553,51.0,54.8,9.0,9.5,.526,14.0,32.4,.201
84,Evansville,35,17,18,.486,-3.69,0.75,,6,14,,10,5,,4,11,,2481,2562,,69.6,104.4,.277,.433,.546,51.4,54.4,9.2,7.7,.516,15.3,25.9,.204
85,Fairfield,37,24,13,.649,-3.17,-6.53,,14,6,,10,4,,10,6,,2794,2626,,68.9,103.0,.255,.367,.543,51.2,50.4,8.2,8.5,.520,17.6,30.1,.178
86,FDU,32,15,17,.469,-14.41,-9.27,,9,7,,7,7,,8,9,,2430,2482,,73.6,104.6,.318,.397,.548,51.7,54.6,9.8,8.8,.520,17.0,30.4,.221
87,Florida NCAA,36,24,12,.667,15.17,8.81,,11,7,,14,1,,3,7,,3080,2851,,73.1,106.5,.348,.324,.529,45.9,42.4,10.1,9.4,.493,12.6,28.8,.248
88,Florida A&M,29,6,23,.207,-15.82,-4.19,,4,14,,4,8,,2,14,,1949,2240,,69.9,108.6,.395,.361,.544,51.4,48.6,11.7,9.3,.514,14.0,31.4,.266
89,Florida Atlantic NCAA,34,25,9,.735,13.26,4.61,,14,4,,13,1,,5,5,,2789,2495,,69.1,103.9,.273,.361,.527,47.2,39.0,8.5,6.6,.496,14.3,29.2,.198
90,Florida Gulf Coast,32,14,18,.438,-6.28,-3.94,,8,8,,9,5,,4,10,,2253,2276,,65.6,108.0,.278,.429,.545,48.7,51.9,9.6,7.3,.520,13.7,28.2,.194
91,Florida International,33,11,22,.333,-8.01,-2.17,,5,11,,9,6,,1,12,,2429,2525,,72.1,105.8,.363,.360,.574,55.1,54.9,9.8,9.9,.546,20.6,35.9,.254
92,Florida State,33,17,16,.515,9.52,9.27,,10,10,,10,7,,4,7,,2526,2518,,72.2,105.3,.410,.382,.557,52.5,48.4,7.8,7.2,.522,17.9,32.8,.288
93,Fordham,33,13,20,.394,-0.46,1.48,,6,12,,6,11,,4,6,,2325,2389,,69.3,102.5,.451,.310,.548,49.3,50.2,9.7,11.0,.504,17.4,27.4,.323
94,Fresno State,33,12,21,.364,-3.29,3.50,,4,14,,7,9,,3,9,,2233,2439,,66.0,110.3,.275,.370,.553,52.5,49.9,9.1,11.5,.530,13.6,30.5,.189
95,Furman,33,17,16,.515,0.21,-1.93,,10,8,,12,3,,4,10,,2623,2506,,71.2,105.0,.276,.348,.544,48.7,49.5,9.6,11.1,.521,14.7,26.4,.188
96,Gardner-Webb,33,17,16,.515,-4.66,-1.73,,11,5,,9,4,,6,8,,2426,2414,,70.2,103.0,.375,.346,.530,48.8,46.5,8.4,9.2,.491,14.2,25.9,.266
97,George Mason,32,20,12,.625,6.36,1.85,,9,9,,14,3,,5,7,,2273,2109,,65.0,101.3,.312,.420,.513,46.7,51.6,10.4,10.6,.477,14.3,27.5,.224
98,George Washington,32,15,17,.469,-1.03,-0.06,,4,14,,12,6,,1,9,,2457,2472,,70.4,106.8,.222,.381,.525,50.5,49.2,9.4,10.3,.497,12.1,29.1,.167
99,Georgetown,32,9,23,.281,0.68,7.72,,2,18,,7,12,,2,10,,2267,2492,,67.4,114.6,.336,.382,.584,49.9,55.5,11.0,11.4,.557,14.3,30.7,.240
100,Georgia,37,20,17,.541,8.63,8.63,,6,12,,13,6,,6,6,,2764,2764,,70.6,105.4,.293,.372,.530,51.6,54.2,9.1,12.0,.498,14.0,30.5,.212
101,Georgia Southern,33,9,24,.273,-8.44,-2.53,,8,10,,6,6,,2,14,,2420,2615,,70.1,111.8,.430,.364,.558,52.7,49.5,10.5,12.4,.520,14.6,33.8,.303
102,Georgia State,31,14,17,.452,-4.59,-2.59,,8,10,,9,5,,5,11,,2370,2319,,70.6,105.1,.343,.383,.521,50.7,49.5,7.9,10.1,.484,12.8,29.5,.244
103,Georgia Tech,32,14,18,.438,4.60,8.82,,7,13,,8,7,,4,9,,2272,2407,,68.2,108.6,.316,.394,.530,48.2,50.9,10.0,9.0,.492,11.1,28.5,.233
104,Gonzaga NCAA,35,27,8,.771,17.93,4.02,,14,2,,13,2,,8,2,,2959,2420,,69.8,99.1,.249,.367,.499,45.0,49.2,7.8,6.0,.468,13.9,27.5,.179
105,Grambling NCAA,36,21,15,.583,-9.63,-5.48,,14,4,,9,3,,7,9,,2436,2506,,66.9,102.9,.325,.344,.532,51.0,55.6,10.4,7.5,.496,16.4,32.3,.236
106,Grand Canyon NCAA,35,30,5,.857,10.45,-0.52,,17,3,,16,0,,8,3,,2769,2346,,69.8,95.6,.333,.340,.497,46.9,48.2,8.7,7.3,.458,17.1,30.1,.235
107,Green Bay,32,18,14,.563,-5.64,-4.07,,13,7,,10,5,,8,8,,2209,2207,,64.6,105.9,.345,.354,.527,49.6,51.0,9.6,14.0,.487,12.4,28.2,.252
108,Hampton,33,9,24,.273,-15.82,-5.29,,3,15,,5,9,,1,12,,2369,2520,,70.8,107.9,.294,.397,.536,50.2,48.9,10.1,7.2,.500,13.2,30.4,.221
109,Harvard,27,14,13,.519,-4.58,-2.08,,5,9,,9,5,,5,8,,1900,1937,,67.8,104.9,.248,.410,.520,51.4,52.8,9.9,11.0,.495,13.8,31.2,.172
110,Hawaii,34,20,14,.588,-0.07,-2.57,,11,9,,13,6,,4,6,,2458,2337,,67.4,100.8,.330,.256,.522,48.5,36.9,9.1,7.7,.484,14.2,24.8,.239
111,High Point,36,27,9,.750,2.15,-4.83,,13,3,,16,2,,7,5,,3020,2680,,69.3,106.0,.360,.316,.534,44.1,44.6,7.0,7.8,.495,12.6,26.0,.261
112,Hofstra,33,20,13,.606,2.31,-1.98,,12,6,,11,2,,5,10,,2449,2259,,66.6,102.4,.286,.419,.524,51.8,53.9,8.3,8.1,.486,15.5,29.3,.217
113,Holy Cross,33,10,23,.303,-17.12,-7.87,,6,12,,5,8,,4,14,,2194,2462,,65.4,113.6,.299,.394,.561,52.0,52.8,10.0,9.0,.532,11.2,27.8,.216
114,Houston NCAA,37,32,5,.865,25.69,9.80,,15,3,,17,0,,7,3,,2720,2132,,64.1,89.0,.394,.401,.482,47.7,59.8,7.8,7.2,.440,20.9,31.2,.266
115,Houston Christian,29,6,23,.207,-19.37,-3.89,,4,14,,5,8,,1,15,,2074,2420,,73.4,113.2,.278,.338,.558,50.8,51.9,12.4,11.0,.532,12.2,32.1,.201
116,Howard NCAA,35,18,17,.514,-8.69,-8.02,,9,5,,9,4,,6,9,,2623,2600,,69.4,105.6,.386,.328,.540,47.2,47.2,10.8,10.6,.504,15.1,30.2,.269
117,Idaho,32,11,21,.344,-11.29,-4.69,,5,13,,6,10,,4,10,,2170,2278,,65.9,107.7,.366,.385,.559,51.8,53.5,9.8,10.6,.522,14.8,27.3,.267
118,Idaho State,34,14,20,.412,-7.49,-5.11,,7,11,,8,5,,4,13,,2397,2383,,64.9,106.1,.308,.310,.566,48.5,46.7,9.5,6.5,.534,16.5,25.5,.230
119,Illinois NCAA,38,29,9,.763,19.56,9.54,,14,6,,15,3,,6,5,,3168,2787,,70.1,104.0,.267,.283,.511,44.8,44.1,8.1,8.4,.480,10.8,26.3,.193
120,Illinois State,32,15,17,.469,-1.38,0.43,,9,11,,10,6,,4,8,,2128,2165,,65.3,103.7,.271,.393,.537,48.9,51.5,8.0,9.3,.506,14.6,25.7,.199
121,Illinois-Chicago,33,12,21,.364,-1.61,1.30,,4,16,,6,9,,3,10,,2319,2361,,68.7,102.3,.356,.348,.526,52.3,52.2,9.5,10.5,.481,15.2,28.2,.267
122,Incarnate Word,31,8,23,.258,-16.40,-7.92,,3,15,,5,8,,3,14,,2240,2436,,71.9,108.4,.396,.342,.548,49.3,52.8,11.6,11.1,.510,13.5,29.5,.281
123,Indiana,33,19,14,.576,7.74,9.74,,10,10,,13,5,,4,6,,2386,2452,,69.4,107.1,.316,.412,.529,50.0,52.9,10.8,7.6,.490,12.8,29.7,.237
124,Indiana State,39,32,7,.821,13.44,2.26,,17,3,,16,1,,9,4,,3309,2854,,71.4,102.1,.259,.340,.528,47.4,40.2,8.6,11.4,.497,13.9,23.4,.192
125,Iona,33,16,17,.485,-5.19,-5.95,,10,10,,9,5,,5,8,,2354,2329,,68.0,103.8,.375,.400,.566,53.1,56.5,8.2,10.4,.528,19.6,31.0,.277
126,Iowa,34,19,15,.559,13.00,9.26,,10,10,,13,4,,4,9,,2827,2700,,72.6,108.9,.329,.360,.552,51.1,54.0,8.1,8.4,.523,14.3,30.3,.232
127,Iowa State NCAA,37,29,8,.784,22.30,8.51,,13,5,,18,0,,5,5,,2787,2277,,67.9,90.6,.348,.452,.512,49.5,58.7,8.9,8.8,.474,22.2,29.3,.246
128,IU Indy,32,6,26,.188,-21.31,-4.62,,2,18,,4,10,,2,14,,2108,2554,,68.8,115.5,.334,.375,.603,53.0,55.3,10.6,7.7,.578,16.9,34.9,.242
129,Jackson State,32,15,17,.469,-11.50,-7.15,,11,7,,6,2,,7,13,,2279,2418,,70.0,107.6,.345,.396,.558,49.3,54.9,10.4,9.6,.526,16.5,32.0,.247
130,Jacksonville,33,16,17,.485,-9.84,-4.87,,5,11,,11,3,,4,14,,2371,2389,,68.6,105.2,.390,.398,.544,46.7,50.7,10.3,8.8,.506,16.0,29.6,.276
131,Jacksonville State,32,14,18,.438,-3.55,-3.14,,6,10,,8,7,,5,10,,2240,2126,,67.1,98.7,.339,.357,.528,45.5,46.3,10.5,7.8,.494,16.6,24.5,.238
132,James Madison NCAA,36,32,4,.889,8.19,-3.75,,15,3,,14,1,,12,2,,2995,2506,,71.6,96.2,.341,.357,.510,46.8,43.8,8.2,8.8,.469,17.4,26.9,.249
133,Kansas NCAA,34,23,11,.676,16.35,11.32,,10,8,,15,1,,3,7,,2569,2376,,69.9,99.6,.282,.413,.510,48.3,52.0,9.7,6.8,.480,14.5,26.3,.196
134,Kansas City,32,16,16,.500,-5.32,-4.50,,10,6,,10,3,,6,9,,2300,2217,,67.3,101.4,.430,.374,.540,47.1,49.6,8.6,7.6,.497,16.5,25.8,.306
135,Kansas State,34,19,15,.559,11.06,9.97,,8,10,,15,3,,2,9,,2454,2417,,68.4,101.3,.331,.367,.505,48.1,53.0,11.9,10.7,.468,13.8,30.5,.233
136,Kennesaw State,31,15,16,.484,-8.02,-5.84,,6,10,,9,5,,4,11,,2568,2504,,75.4,106.3,.408,.387,.547,49.9,47.7,9.2,12.0,.507,15.5,29.5,.294
137,Kent State,34,17,17,.500,-0.76,-2.54,,8,10,,9,6,,4,9,,2544,2424,,67.7,103.4,.345,.398,.548,49.0,50.6,9.2,8.6,.512,16.9,28.7,.251
138,Kentucky NCAA,33,23,10,.697,16.79,7.46,,13,5,,14,4,,7,3,,2938,2630,,73.9,106.7,.334,.402,.531,49.5,52.2,8.6,8.7,.496,13.6,30.5,.239
139,La Salle,33,16,17,.485,-1.62,0.85,,6,12,,11,6,,3,10,,2398,2411,,67.3,106.9,.327,.326,.537,52.0,51.2,7.3,9.6,.503,13.7,30.3,.235
140,Lafayette,32,11,21,.344,-11.17,-6.01,,10,8,,5,10,,6,9,,2010,2154,,65.3,101.5,.310,.384,.521,52.7,51.5,9.5,9.0,.483,15.4,29.2,.229
141,Lamar,33,19,14,.576,-5.47,-8.28,,12,6,,11,3,,5,11,,2568,2406,,70.5,101.8,.394,.400,.528,48.0,58.5,10.2,7.7,.488,16.9,30.9,.278
142,Le Moyne,32,15,17,.469,-11.07,-9.55,,9,7,,10,3,,5,14,,2318,2245,,69.2,101.0,.257,.433,.522,52.8,56.6,9.0,7.6,.495,16.5,30.1,.183
143,Lehigh,32,14,18,.438,-7.47,-6.60,,9,9,,6,7,,8,11,,2326,2272,,69.9,99.3,.288,.370,.532,50.3,46.9,9.1,9.8,.504,16.1,23.1,.200
144,Liberty,32,18,14,.563,1.58,-1.56,,7,9,,12,3,,2,8,,2362,2096,,66.0,98.5,.286,.323,.522,48.9,40.3,8.8,11.8,.489,15.6,23.8,.207
145,Lindenwood,31,9,22,.290,-18.73,-7.23,,3,15,,4,10,,3,12,,2019,2266,,68.1,106.9,.378,.383,.568,53.2,51.2,9.1,9.8,.533,16.3,28.3,.274
146,Lipscomb,32,20,12,.625,-1.94,-5.04,,11,5,,12,2,,6,9,,2626,2448,,71.2,107.5,.228,.374,.548,51.2,41.8,7.2,9.8,.526,14.2,28.3,.163
147,Little Rock,34,21,13,.618,-3.42,-8.24,,14,4,,14,4,,6,6,,2628,2464,,69.9,103.0,.353,.384,.524,48.4,48.8,8.0,7.2,.481,15.3,30.1,.262
148,Long Beach State NCAA,36,21,15,.583,-1.19,-1.19,,10,10,,8,5,,9,7,,2786,2735,,72.9,103.5,.312,.439,.540,48.0,59.0,9.7,6.1,.507,16.2,29.1,.226
149,Long Island University,29,7,22,.241,-17.86,-7.58,,6,10,,5,5,,1,17,,1929,2227,,71.3,106.8,.410,.343,.544,52.0,54.9,12.0,10.2,.508,13.9,28.7,.284
150,Longwood NCAA,35,21,14,.600,-2.04,-4.76,,6,10,,13,3,,6,10,,2615,2396,,67.9,99.4,.351,.400,.540,43.7,49.7,9.3,7.0,.509,17.7,24.5,.241
151,Louisiana,33,19,14,.576,-0.60,-2.67,,10,8,,11,3,,5,9,,2504,2365,,70.4,101.8,.399,.318,.536,50.8,43.9,9.9,9.9,.493,18.1,32.3,.288
152,Louisiana State,33,17,16,.515,8.14,6.75,,9,9,,12,6,,3,7,,2520,2474,,70.7,105.6,.337,.414,.538,49.6,48.7,11.6,11.2,.497,15.6,31.4,.254
153,Louisiana Tech,32,22,10,.688,4.83,-1.69,,12,4,,14,2,,8,7,,2392,2065,,67.5,94.9,.316,.364,.490,45.8,45.5,10.2,8.1,.451,16.2,27.9,.224
154,Louisiana-Monroe,30,11,19,.367,-10.05,-2.44,,6,12,,8,6,,3,12,,2096,2233,,69.1,107.3,.368,.452,.553,48.0,58.8,10.0,8.8,.514,15.4,29.3,.271
155,Louisville,32,8,24,.250,0.45,7.51,,3,17,,7,11,,1,10,,2304,2530,,70.4,111.8,.338,.392,.577,50.2,55.3,10.7,9.7,.546,14.3,27.5,.247
156,Loyola (IL),33,23,10,.697,6.57,2.42,,15,3,,15,2,,7,5,,2412,2228,,69.3,96.7,.370,.360,.510,47.7,49.5,9.6,12.2,.463,15.9,24.8,.272
157,Loyola (MD),32,7,25,.219,-16.17,-6.94,,5,13,,2,11,,5,13,,2049,2301,,65.7,108.2,.323,.369,.559,48.9,51.9,11.0,10.9,.532,13.8,25.8,.226
158,Loyola Marymount,31,12,19,.387,-0.06,0.31,,5,11,,8,8,,3,7,,2244,2214,,66.4,107.6,.293,.318,.535,48.3,51.2,8.7,10.2,.502,11.3,26.7,.214
159,Maine,32,15,17,.469,-6.39,-4.87,,7,9,,8,4,,5,13,,2164,2159,,68.1,98.3,.321,.328,.522,52.0,52.1,9.2,9.0,.492,17.0,27.3,.220
160,Manhattan,30,7,23,.233,-15.28,-4.86,,4,16,,3,10,,4,12,,1985,2275,,69.2,108.2,.264,.338,.553,53.5,60.1,11.6,11.1,.526,14.8,30.5,.194
161,Marist,31,18,13,.581,-5.64,-8.09,,12,8,,9,4,,8,8,,2004,1928,,65.5,94.9,.350,.383,.506,50.8,43.9,10.3,7.6,.471,18.0,26.8,.238
162,Marquette NCAA,37,27,10,.730,19.27,11.02,,14,6,,14,2,,7,5,,2888,2583,,69.4,100.2,.269,.428,.531,52.2,59.4,8.2,8.6,.498,18.3,30.8,.201
163,Marshall,33,13,20,.394,-5.42,-1.39,,7,11,,8,7,,3,9,,2435,2531,,72.5,105.7,.295,.349,.539,49.7,48.2,10.3,7.0,.510,14.3,28.0,.208
164,Maryland,33,16,17,.485,10.60,7.44,,7,13,,11,6,,4,8,,2278,2174,,66.3,98.3,.335,.301,.514,49.3,48.0,8.7,10.3,.467,16.4,29.1,.256
165,Maryland-Baltimore County,32,11,21,.344,-8.67,-5.93,,6,10,,6,9,,5,12,,2517,2583,,74.7,107.6,.286,.361,.534,51.7,45.5,10.8,7.3,.502,13.1,30.6,.209
166,Maryland-Eastern Shore,29,9,20,.310,-17.33,-6.33,,4,10,,9,4,,0,15,,1890,2046,,68.3,102.0,.365,.355,.528,51.6,49.3,10.5,7.9,.496,16.9,31.5,.248
167,Massachusetts,31,20,11,.645,7.59,0.88,,11,7,,13,3,,4,6,,2401,2193,,69.2,101.8,.386,.384,.528,47.0,55.1,9.0,8.3,.485,16.4,30.1,.279
168,Massachusetts-Lowell,32,22,10,.688,-1.28,-6.07,,11,5,,12,3,,10,7,,2561,2261,,72.6,96.6,.252,.341,.491,44.9,42.7,10.8,8.7,.463,14.1,26.1,.174
169,McNeese State NCAA,34,30,4,.882,6.42,-6.81,,17,1,,18,0,,11,3,,2719,2116,,67.6,92.1,.317,.481,.503,47.8,59.0,6.8,8.1,.466,20.9,30.1,.226
170,Memphis,32,22,10,.688,9.00,4.25,,11,7,,13,2,,7,6,,2576,2424,,72.0,104.4,.296,.427,.531,49.7,53.3,9.9,11.6,.500,16.3,33.6,.212
171,Mercer,33,16,17,.485,-4.65,-2.55,,8,10,,10,6,,4,9,,2348,2371,,67.5,106.4,.394,.362,.547,50.5,45.0,9.4,7.4,.507,15.7,31.0,.285
172,Merrimack,33,21,12,.636,-5.24,-8.43,,13,3,,13,2,,7,9,,2283,2159,,68.6,94.6,.311,.316,.502,54.8,56.4,10.0,10.0,.467,20.0,34.4,.218
173,Miami (FL),32,15,17,.469,9.59,7.46,,6,14,,11,6,,2,9,,2424,2356,,69.9,104.9,.223,.460,.533,49.4,57.4,10.2,9.4,.510,14.4,28.6,.159
174,Miami (OH),32,15,17,.469,-6.45,-4.08,,9,9,,9,6,,6,10,,2259,2241,,68.5,101.8,.315,.365,.521,52.4,47.3,9.4,9.9,.485,15.7,29.6,.229
175,Michigan,32,8,24,.250,5.28,11.34,,3,17,,5,10,,2,10,,2334,2528,,68.9,113.3,.305,.326,.555,49.6,46.4,11.0,10.6,.525,11.9,30.4,.222
176,Michigan State NCAA,35,20,15,.571,17.72,10.89,,10,10,,14,4,,3,7,,2551,2312,,66.4,99.1,.324,.416,.517,49.2,54.8,8.0,7.8,.481,16.2,28.5,.232
177,Middle Tennessee,33,14,19,.424,-7.45,-0.52,,7,9,,11,6,,1,10,,2167,2319,,66.8,103.3,.295,.303,.523,51.0,43.0,9.6,10.5,.489,14.2,30.6,.214
178,Milwaukee,35,20,15,.571,-5.01,-4.47,,12,8,,12,4,,6,9,,2782,2753,,70.9,109.0,.330,.381,.542,48.0,56.1,9.7,11.1,.504,13.7,31.7,.247
179,Minnesota,34,19,15,.559,9.51,6.40,,9,11,,16,4,,3,9,,2550,2444,,67.7,105.7,.296,.305,.536,48.5,57.2,10.5,9.1,.504,14.0,28.8,.215
180,Mississippi,32,20,12,.625,8.30,7.27,,7,11,,14,4,,4,7,,2398,2365,,68.6,107.8,.323,.370,.535,52.5,55.4,9.6,8.0,.502,15.3,36.2,.230
181,Mississippi State NCAA,35,21,14,.600,14.19,9.16,,8,10,,11,4,,2,8,,2593,2417,,68.7,100.2,.318,.412,.521,46.1,48.6,10.6,10.6,.480,16.0,27.8,.239
182,Mississippi Valley State,31,1,30,.032,-26.17,-3.91,,1,17,,1,8,,0,22,,1719,2409,,66.2,116.8,.416,.365,.588,54.9,54.1,13.2,8.7,.556,14.7,35.7,.297
183,Missouri,32,8,24,.250,3.27,7.30,,0,18,,6,11,,2,10,,2309,2438,,68.4,110.9,.424,.398,.558,54.5,52.8,9.4,9.7,.513,15.8,35.7,.314
184,Missouri State,33,17,16,.515,0.98,1.01,,8,12,,9,5,,4,10,,2351,2352,,68.4,102.7,.249,.388,.509,46.7,49.8,9.4,8.8,.480,11.5,24.7,.179
185,Monmouth,33,18,15,.545,-3.17,-2.98,,10,8,,13,1,,2,13,,2390,2396,,68.1,106.7,.333,.432,.539,51.1,56.2,8.2,9.9,.500,15.3,32.3,.248
186,Montana,36,24,12,.667,-1.41,-4.11,,12,6,,13,3,,8,7,,2768,2586,,67.2,106.2,.339,.323,.534,48.9,43.2,8.6,8.2,.498,12.6,26.3,.244
187,Montana State NCAA,35,17,18,.486,-5.34,-4.46,,9,9,,10,7,,4,10,,2635,2606,,69.7,105.3,.359,.341,.557,53.6,46.2,8.4,7.6,.524,16.8,28.4,.256
188,Morehead State NCAA,35,26,9,.743,0.51,-5.52,,14,4,,14,1,,9,7,,2635,2220,,66.2,95.8,.293,.332,.486,43.9,42.0,8.9,8.1,.443,13.8,25.3,.220
189,Morgan State,31,11,20,.355,-16.07,-5.90,,7,7,,8,5,,3,12,,2253,2402,,71.7,107.3,.384,.322,.534,51.3,47.9,11.3,8.4,.500,15.1,35.2,.263
190,Mount St. Mary's,32,13,19,.406,-6.54,-7.45,,9,11,,8,5,,5,13,,2327,2298,,69.3,102.4,.303,.348,.532,48.0,49.6,12.7,7.4,.493,15.7,27.9,.229
191,Murray State,32,12,20,.375,0.36,1.59,,9,11,,8,8,,4,9,,2232,2237,,65.5,106.3,.271,.425,.566,50.4,53.4,7.4,8.8,.541,16.1,25.2,.195
192,Navy,31,13,18,.419,-11.70,-9.54,,8,10,,10,5,,3,13,,2060,2067,,65.4,101.1,.351,.411,.534,50.3,55.5,7.2,12.3,.497,17.8,30.1,.251
193,NC State NCAA,41,26,15,.634,12.81,8.93,,9,11,,12,5,,4,7,,3101,2942,,68.5,103.5,.316,.368,.531,50.6,50.5,7.4,7.9,.495,15.3,29.1,.232
194,Nebraska NCAA,34,23,11,.676,14.36,7.53,,12,8,,18,1,,3,8,,2643,2411,,69.4,101.1,.277,.414,.499,49.8,52.5,8.8,11.1,.467,13.8,30.3,.194
195,Nevada NCAA,34,26,8,.765,12.85,4.58,,13,5,,15,2,,8,3,,2582,2276,,66.9,99.6,.339,.415,.520,48.7,55.9,7.4,6.5,.485,15.6,26.8,.237
196,Nevada-Las Vegas,34,21,13,.618,8.38,6.25,,12,6,,13,6,,8,4,,2501,2341,,66.2,102.5,.290,.387,.526,49.7,58.6,9.2,9.2,.490,15.9,30.8,.219
197,New Hampshire,31,16,15,.516,-6.15,-3.61,,7,9,,9,5,,7,10,,2298,2297,,73.3,100.7,.275,.388,.526,51.0,50.5,10.3,13.1,.495,14.8,24.8,.201
198,New Mexico NCAA,36,26,10,.722,15.04,5.38,,10,8,,13,3,,5,6,,2916,2545,,72.5,97.5,.335,.363,.517,47.2,54.2,8.1,9.5,.477,17.0,26.8,.245
199,New Mexico State,32,13,19,.406,-8.62,0.74,,7,9,,12,3,,1,13,,2166,2318,,68.6,104.3,.419,.423,.533,51.1,56.2,10.3,7.1,.493,14.7,28.2,.294
200,New Orleans,33,10,23,.303,-16.80,-5.90,,4,14,,7,6,,2,15,,2427,2622,,73.2,108.2,.370,.316,.558,53.6,53.6,8.7,9.2,.523,17.1,34.6,.267
201,Niagara,32,16,16,.500,-8.40,-7.21,,11,9,,5,9,,10,6,,2319,2307,,67.9,105.0,.309,.277,.548,50.8,41.4,9.6,8.8,.519,14.7,26.3,.220
202,Nicholls State,34,20,14,.588,-7.14,-5.37,,13,5,,10,2,,8,10,,2512,2514,,67.8,105.6,.385,.359,.525,51.1,49.5,10.9,11.1,.491,14.0,31.6,.260
203,NJIT,28,7,21,.250,-14.65,-4.46,,3,13,,5,8,,2,13,,1902,2101,,68.6,109.4,.392,.355,.554,52.1,54.0,8.8,9.7,.522,14.9,32.0,.271
204,Norfolk State,35,24,11,.686,-5.76,-7.76,,11,3,,15,0,,6,8,,2608,2364,,68.3,98.5,.412,.451,.530,49.0,61.2,8.5,7.9,.485,19.4,30.7,.297
205,North Alabama,32,15,17,.469,-7.17,-5.00,,8,8,,10,4,,5,13,,2447,2435,,68.9,108.7,.401,.347,.547,50.1,47.5,7.4,8.9,.506,12.7,27.6,.290
206,North Carolina NCAA,37,29,8,.784,21.36,9.90,,17,3,,14,1,,8,2,,3032,2608,,71.3,98.6,.282,.358,.504,45.1,40.0,7.7,9.5,.467,13.2,23.7,.209
207,North Carolina A&T,32,7,25,.219,-16.31,-3.94,,5,13,,4,7,,2,14,,2098,2494,,68.0,114.6,.295,.372,.566,56.1,53.0,7.8,9.4,.545,13.6,34.0,.201
208,North Carolina Central,31,18,13,.581,-7.88,-8.84,,9,5,,11,2,,6,9,,2375,2139,,69.2,99.0,.360,.363,.515,50.0,51.0,8.3,9.4,.472,17.2,32.5,.262
209,North Dakota,32,18,14,.563,-6.24,-6.10,,10,6,,9,5,,7,8,,2408,2300,,67.9,105.4,.280,.340,.542,47.9,39.9,8.6,5.4,.511,13.9,25.6,.207
210,North Dakota State,32,15,17,.469,-7.57,-3.15,,8,8,,10,4,,5,11,,2388,2366,,66.6,108.1,.271,.339,.549,48.3,42.0,7.8,9.9,.521,12.3,23.7,.197
211,North Florida,32,16,16,.500,-6.95,-4.84,,9,7,,11,5,,5,11,,2496,2427,,69.4,108.0,.318,.301,.547,51.5,44.3,9.8,10.7,.513,13.1,28.3,.233
212,North Texas,34,19,15,.559,8.41,4.28,,10,8,,11,4,,6,6,,2353,2169,,63.2,100.2,.374,.359,.516,48.5,45.8,10.5,11.7,.474,16.6,31.1,.267
213,Northeastern,32,12,20,.375,-6.09,-3.15,,7,11,,7,5,,4,13,,2221,2315,,65.8,109.9,.283,.388,.569,48.0,51.0,9.9,8.4,.538,14.9,27.7,.215
214,Northern Arizona,33,14,19,.424,-12.17,-4.17,,7,11,,7,5,,6,12,,2265,2529,,69.0,110.2,.374,.340,.563,53.9,47.0,10.6,7.8,.529,14.6,31.1,.268
215,Northern Colorado,33,19,14,.576,-4.44,-5.25,,12,6,,11,3,,7,8,,2617,2542,,69.9,106.9,.286,.400,.552,49.5,46.7,9.4,7.8,.520,14.0,25.0,.214
216,Northern Illinois,31,11,20,.355,-9.16,-1.37,,5,13,,5,9,,5,11,,2269,2399,,69.7,109.6,.345,.359,.543,50.7,53.6,9.6,7.0,.514,13.3,31.2,.235
217,Northern Iowa,33,19,14,.576,3.83,2.86,,12,8,,11,3,,6,8,,2417,2346,,67.7,104.2,.300,.415,.553,49.4,45.4,8.8,8.4,.517,15.0,22.4,.231
218,Northern Kentucky,33,18,15,.545,-3.66,-3.73,,12,8,,12,3,,6,11,,2470,2416,,69.7,103.5,.288,.414,.540,51.0,55.4,9.1,9.0,.509,17.7,32.0,.209
219,Northwestern NCAA,34,22,12,.647,12.77,8.50,,12,8,,15,2,,4,7,,2493,2348,,64.8,104.7,.393,.374,.553,51.6,59.2,7.4,10.7,.515,16.6,27.8,.283
220,Northwestern State,32,9,23,.281,-14.42,-6.32,,7,11,,6,7,,3,13,,2257,2429,,69.3,107.8,.406,.372,.547,52.3,50.4,10.2,11.3,.512,16.2,34.5,.283
221,Notre Dame,33,13,20,.394,4.94,8.06,,7,13,,9,8,,2,10,,2113,2216,,64.8,102.4,.274,.368,.513,48.8,50.4,9.8,11.6,.482,13.2,26.7,.197
222,Oakland NCAA,36,24,12,.667,2.02,-1.24,,15,5,,10,3,,9,7,,2751,2634,,68.0,105.8,.269,.409,.537,49.1,62.6,8.6,8.5,.506,14.1,29.0,.198
223,Ohio,33,20,13,.606,0.48,-4.58,,13,5,,12,3,,5,7,,2551,2309,,68.3,101.3,.341,.376,.522,51.0,44.9,7.2,10.1,.487,17.0,31.4,.238
224,Ohio State,36,22,14,.611,13.64,8.37,,9,11,,15,5,,2,8,,2718,2528,,67.4,103.1,.299,.336,.519,48.1,47.0,7.5,7.1,.486,13.7,28.5,.212
225,Oklahoma,32,20,12,.625,14.66,8.07,,8,10,,14,4,,3,6,,2412,2201,,68.4,99.8,.312,.357,.517,47.3,48.0,10.5,10.3,.475,14.6,26.2,.237
226,Oklahoma State,32,12,20,.375,6.25,7.97,,4,14,,10,8,,1,9,,2272,2327,,68.0,105.7,.276,.329,.544,50.2,45.8,11.7,9.7,.513,14.7,28.5,.204
227,Old Dominion,32,7,25,.219,-8.35,-1.58,,3,15,,5,10,,1,12,,2268,2464,,71.2,107.3,.393,.419,.548,53.3,57.1,8.4,10.2,.510,15.6,30.8,.282
228,Omaha,33,15,18,.455,-7.38,-5.07,,7,9,,11,3,,2,13,,2441,2404,,68.0,106.4,.317,.431,.558,50.1,48.7,7.8,6.2,.525,14.8,24.6,.235
229,Oral Roberts,31,12,19,.387,-7.43,-2.60,,5,11,,9,5,,2,13,,2275,2334,,68.6,108.9,.301,.384,.543,53.8,48.6,7.1,7.5,.510,13.4,30.4,.220
230,Oregon NCAA,36,24,12,.667,12.22,8.91,,12,8,,13,3,,6,5,,2721,2602,,68.3,104.8,.323,.368,.548,49.7,50.8,7.7,9.3,.515,15.7,27.3,.234
231,Oregon State,32,13,19,.406,3.28,8.38,,5,15,,12,6,,1,9,,2204,2326,,66.2,107.3,.355,.382,.543,51.2,55.5,9.4,8.4,.508,14.8,30.8,.253
232,Pacific,32,6,26,.188,-17.42,-0.15,,0,16,,5,12,,1,13,,2071,2553,,69.3,114.3,.356,.396,.585,58.1,51.3,8.9,9.4,.554,14.5,32.7,.260
233,Penn State,33,16,17,.485,9.22,7.52,,9,11,,13,4,,2,8,,2478,2422,,70.2,103.7,.363,.328,.547,53.4,56.7,8.3,8.8,.502,17.9,32.2,.279
234,Pennsylvania,29,11,18,.379,-3.33,0.26,,3,11,,9,6,,2,10,,2159,2157,,66.5,110.0,.266,.435,.556,48.3,56.1,8.7,9.2,.532,13.0,26.6,.189
235,Pepperdine,33,13,20,.394,-2.14,0.70,,5,11,,9,8,,3,8,,2403,2443,,68.4,108.2,.334,.312,.570,49.2,49.7,8.9,5.9,.540,15.1,25.3,.241
236,Pittsburgh,33,22,11,.667,14.89,6.92,,12,8,,13,5,,7,4,,2495,2232,,67.0,101.0,.305,.386,.529,47.4,51.5,7.5,10.3,.490,14.8,23.8,.232
237,Portland,33,12,21,.364,-8.20,1.54,,5,11,,9,6,,2,11,,2360,2622,,69.0,114.7,.221,.447,.568,51.8,57.5,9.0,8.3,.549,11.5,27.9,.157
238,Portland State,32,17,15,.531,-7.15,-4.94,,8,10,,11,2,,5,11,,2302,2299,,69.4,102.7,.328,.381,.540,50.0,54.8,8.2,9.8,.511,16.5,28.0,.226
239,Prairie View,31,10,21,.323,-15.41,-6.92,,5,13,,5,6,,4,15,,2176,2368,,72.8,104.9,.464,.328,.568,54.8,49.5,9.4,9.5,.530,19.8,33.8,.326
240,Presbyterian,33,14,19,.424,-8.13,-5.57,,6,10,,8,7,,5,9,,2469,2413,,68.9,105.3,.416,.351,.559,50.4,46.2,8.5,9.1,.519,16.5,27.5,.301
241,Princeton,29,24,5,.828,6.55,-1.60,,12,2,,12,1,,11,3,,2235,1932,,65.8,101.3,.249,.389,.534,49.0,48.6,7.1,9.5,.508,15.1,23.6,.180
242,Providence,35,21,14,.600,12.56,8.93,,10,10,,14,5,,4,7,,2534,2407,,68.4,99.5,.277,.341,.508,49.5,43.7,9.8,9.1,.475,14.8,27.8,.200
243,Purdue NCAA,39,34,5,.872,24.93,11.60,,17,3,,16,0,,7,3,,3211,2691,,68.3,100.1,.220,.369,.503,42.0,54.9,9.8,6.5,.475,12.1,24.3,.159
244,Purdue Fort Wayne,36,23,13,.639,-0.74,-6.09,,11,9,,11,5,,10,8,,2886,2577,,72.3,98.3,.320,.370,.538,53.1,50.4,7.7,8.3,.506,19.5,28.7,.227
245,Queens (NC),33,14,19,.424,-8.75,-3.49,,7,9,,11,3,,2,16,,2643,2693,,73.6,110.8,.294,.377,.564,50.4,41.7,8.7,12.3,.534,13.8,28.7,.217
246,Quinnipiac,34,24,10,.706,-3.08,-7.32,,15,5,,13,3,,10,5,,2630,2422,,71.9,98.7,.285,.370,.514,47.5,51.3,9.4,10.0,.483,15.7,27.6,.201
247,Radford,33,16,17,.485,-5.66,-3.47,,5,11,,8,5,,4,12,,2377,2361,,65.3,108.4,.309,.401,.529,50.3,46.6,7.3,6.9,.498,13.4,33.3,.218
248,Rhode Island,32,12,20,.375,-2.26,2.87,,6,12,,9,8,,3,8,,2322,2443,,69.0,110.7,.295,.395,.545,48.3,53.3,10.1,12.4,.523,11.4,27.8,.196
249,Rice,32,11,21,.344,-3.22,1.97,,5,13,,6,10,,5,7,,2304,2421,,67.5,110.8,.270,.385,.553,50.1,54.3,10.7,9.7,.523,13.0,29.3,.201
250,Richmond,33,23,10,.697,7.67,2.09,,15,3,,15,1,,7,6,,2372,2188,,67.4,98.0,.266,.407,.503,53.1,47.9,6.9,7.7,.469,14.9,26.6,.194
251,Rider,32,15,17,.469,-5.73,-4.28,,12,8,,9,4,,6,12,,2309,2308,,69.1,103.1,.362,.385,.524,48.1,51.9,10.9,7.9,.488,14.3,28.7,.253
252,Robert Morris,32,10,22,.313,-9.57,-4.31,,6,14,,7,9,,3,13,,2326,2425,,68.7,108.6,.360,.345,.555,48.0,50.8,10.5,7.6,.520,13.7,28.2,.261
253,Rutgers,32,15,17,.469,7.41,8.57,,7,13,,12,5,,3,9,,2092,2129,,68.6,96.6,.343,.394,.509,51.6,54.8,9.5,10.1,.472,18.6,31.3,.240
254,Sacramento State,34,10,24,.294,-10.87,-3.71,,4,14,,6,8,,2,13,,2282,2394,,65.5,107.4,.320,.388,.560,45.0,52.0,11.4,9.5,.531,14.1,24.6,.229
255,Sacred Heart,32,16,16,.500,-9.91,-9.45,,10,6,,11,5,,4,11,,2372,2313,,70.3,102.8,.313,.408,.533,52.4,58.0,9.1,8.7,.507,17.6,32.9,.211
256,Saint Francis (PA),30,8,22,.267,-18.60,-8.14,,3,13,,6,8,,2,14,,1955,2181,,66.7,108.6,.357,.380,.553,49.7,52.0,10.4,11.2,.522,15.3,31.1,.250
257,Saint Joseph's,35,21,14,.600,6.59,1.67,,9,9,,14,3,,3,10,,2641,2469,,68.6,102.1,.288,.425,.522,49.5,54.8,10.0,13.0,.490,15.3,29.2,.207
258,Saint Louis,33,13,20,.394,-1.57,4.15,,5,13,,8,8,,3,9,,2473,2620,,69.8,113.8,.355,.422,.571,51.1,50.2,9.5,11.1,.538,12.7,28.8,.257
259,Saint Mary's (CA) NCAA,34,26,8,.765,16.31,3.46,,15,1,,14,4,,9,0,,2516,2013,,63.8,92.2,.327,.296,.485,41.2,47.2,8.3,7.6,.443,15.1,22.1,.235
260,Saint Peter's NCAA,33,19,14,.576,-4.58,-5.33,,12,8,,8,5,,8,8,,2140,2113,,65.4,97.5,.426,.348,.518,48.8,51.8,9.9,10.6,.474,18.0,30.4,.298
261,Sam Houston,33,21,12,.636,-0.37,-1.72,,13,3,,12,2,,7,9,,2381,2282,,69.4,98.9,.363,.390,.523,47.4,51.8,10.0,10.6,.488,16.9,26.9,.249
262,Samford NCAA,35,29,6,.829,6.32,-3.23,,15,3,,18,0,,8,5,,3012,2607,,74.4,100.1,.377,.397,.535,50.1,54.1,10.5,10.7,.501,19.3,32.0,.259
263,San Diego,33,18,15,.545,-5.31,0.33,,7,9,,12,6,,4,7,,2392,2550,,72.0,107.4,.381,.400,.556,52.3,62.3,10.4,8.9,.523,16.1,31.4,.267
264,San Diego State NCAA,37,26,11,.703,14.68,8.37,,11,7,,14,1,,6,8,,2742,2467,,67.0,97.8,.322,.410,.505,47.1,49.7,9.0,8.3,.468,15.9,28.1,.229
265,San Francisco,34,23,11,.676,9.68,0.23,,11,5,,14,2,,6,6,,2643,2262,,68.5,96.5,.377,.381,.529,47.1,48.6,7.9,5.7,.491,18.1,24.0,.264
266,San Jose State,32,9,23,.281,-3.82,3.28,,2,16,,6,9,,1,12,,2228,2403,,66.4,112.1,.356,.354,.570,53.8,54.4,7.2,8.4,.542,14.0,29.5,.248
267,Santa Clara,33,20,13,.606,5.39,1.73,,10,6,,11,4,,5,6,,2538,2384,,69.8,103.1,.334,.369,.519,45.1,48.8,10.0,6.8,.483,12.8,25.9,.236
268,Seattle,37,23,14,.622,4.03,-1.64,,11,9,,14,4,,4,9,,2730,2471,,68.6,95.4,.350,.340,.501,46.9,47.3,9.2,8.8,.461,15.6,25.1,.245
269,Seton Hall,37,25,12,.676,12.67,8.80,,13,7,,17,3,,5,7,,2730,2587,,67.4,102.4,.256,.425,.526,46.6,56.8,10.8,10.8,.492,15.5,29.0,.195
270,Siena,32,4,28,.125,-19.20,-5.20,,3,17,,2,12,,2,13,,1934,2382,,67.1,110.9,.280,.341,.547,49.3,50.1,13.5,9.3,.518,12.7,31.2,.203
271,South Alabama,32,16,16,.500,-5.92,-3.37,,8,10,,11,6,,5,9,,2367,2421,,70.2,106.1,.336,.356,.536,53.9,44.1,9.8,11.1,.505,14.7,31.5,.233
272,South Carolina NCAA,34,26,8,.765,10.98,6.48,,13,5,,14,3,,8,3,,2450,2297,,64.8,103.5,.316,.313,.522,47.9,47.6,8.9,13.5,.484,13.1,27.9,.232
273,South Carolina State,32,14,18,.438,-11.85,-6.18,,9,5,,9,4,,5,13,,2245,2390,,70.3,105.4,.481,.375,.566,47.2,56.9,11.6,9.3,.516,18.7,30.5,.358
274,South Carolina Upstate,30,10,20,.333,-9.36,-3.02,,5,11,,6,7,,4,12,,2130,2188,,68.4,105.2,.448,.363,.547,54.5,45.6,8.8,8.6,.504,16.8,32.6,.318
275,South Dakota,32,12,20,.375,-12.55,-5.41,,5,11,,9,6,,2,12,,2434,2535,,69.8,111.7,.260,.386,.547,47.9,46.8,9.3,8.7,.520,10.8,27.6,.189
276,South Dakota State NCAA,35,22,13,.629,0.52,-2.70,,12,4,,11,3,,6,5,,2675,2490,,68.6,103.0,.257,.470,.534,48.6,49.5,9.8,8.4,.503,14.5,24.6,.191
277,South Florida,33,25,8,.758,7.37,0.97,,16,2,,15,3,,8,4,,2499,2288,,69.0,100.5,.346,.379,.511,50.5,50.6,9.0,8.9,.479,15.8,30.5,.232
278,Southeast Missouri State,31,9,22,.290,-18.25,-6.55,,4,14,,8,7,,1,14,,2078,2278,,70.4,104.0,.425,.301,.547,53.2,48.3,9.4,8.5,.509,15.8,28.1,.297
279,Southeastern Louisiana,32,15,17,.469,-11.31,-6.14,,10,8,,9,4,,6,10,,2209,2271,,66.9,105.2,.301,.445,.537,49.0,60.5,10.5,9.0,.505,15.3,30.3,.220
280,Southern,32,18,14,.563,-8.74,-6.09,,12,6,,11,2,,7,11,,2275,2198,,70.7,96.4,.456,.362,.539,51.1,55.1,9.4,8.6,.493,20.6,29.1,.326
281,Southern California,33,15,18,.455,9.36,9.54,,8,12,,9,6,,3,9,,2446,2452,,69.7,105.1,.316,.388,.538,51.4,59.5,9.7,9.4,.502,16.1,32.2,.233
282,Southern Illinois,32,19,13,.594,4.10,0.52,,11,9,,13,5,,5,6,,2325,2183,,65.4,102.6,.357,.307,.534,49.2,44.4,8.8,11.7,.498,14.5,25.3,.253
283,SIU Edwardsville,33,17,16,.515,-9.08,-7.54,,9,9,,12,2,,2,13,,2360,2314,,67.7,103.6,.358,.377,.541,49.5,52.8,8.4,9.7,.504,16.0,28.6,.256
284,Southern Indiana,32,8,24,.250,-13.63,-5.59,,5,13,,5,10,,3,13,,2195,2335,,69.7,104.3,.464,.369,.537,50.3,50.9,9.5,9.2,.485,15.0,28.0,.340
285,Southern Methodist,33,20,13,.606,10.22,2.56,,11,7,,14,3,,5,8,,2535,2271,,68.6,99.9,.337,.365,.510,46.6,56.5,10.5,12.4,.471,16.1,31.2,.241
286,Southern Mississippi,32,16,16,.500,-5.93,-2.93,,9,9,,11,3,,5,9,,2236,2273,,69.5,102.2,.325,.351,.521,49.9,47.4,11.7,7.2,.491,15.2,29.5,.222
287,Southern Utah,31,10,21,.323,-5.72,-1.17,,5,15,,6,8,,3,13,,2326,2406,,71.4,108.2,.312,.276,.553,52.5,46.5,9.6,8.8,.524,15.1,32.4,.222
288,St. Bonaventure,33,20,13,.606,6.77,1.95,,9,9,,11,4,,5,6,,2424,2265,,66.0,102.8,.339,.407,.542,49.4,58.0,7.5,8.2,.512,16.9,28.4,.236
289,St. John's (NY),33,20,13,.606,16.49,9.58,,11,9,,13,5,,5,6,,2602,2374,,69.6,103.4,.344,.359,.536,46.4,53.9,9.1,7.6,.496,16.1,30.4,.256
290,St. Thomas,33,20,13,.606,-0.92,-5.72,,9,7,,12,2,,6,9,,2402,2140,,63.9,101.0,.288,.392,.542,50.0,49.2,7.6,7.9,.512,16.7,25.0,.208
291,Stanford,32,14,18,.438,7.35,7.48,,8,12,,10,6,,3,8,,2443,2447,,70.9,106.2,.253,.376,.541,51.0,46.0,9.6,7.9,.519,13.7,27.3,.173
292,Stephen F. Austin,33,18,15,.545,-0.95,-1.76,,10,10,,10,5,,5,8,,2463,2353,,71.5,97.8,.455,.371,.540,47.8,54.4,10.8,9.5,.492,20.5,29.8,.328
293,Stetson NCAA,35,22,13,.629,-5.09,-3.24,,11,5,,14,2,,6,10,,2687,2566,,67.5,108.3,.243,.380,.531,50.0,50.6,8.8,7.5,.505,12.2,30.8,.173
294,Stonehill,31,4,27,.129,-20.10,-6.10,,2,14,,4,8,,0,19,,1967,2360,,69.2,109.6,.292,.462,.553,54.3,60.4,11.3,13.5,.523,14.7,31.2,.213
295,Stony Brook,35,20,15,.571,-2.59,-2.62,,10,8,,13,3,,4,11,,2573,2531,,67.5,104.9,.270,.419,.522,50.4,57.2,8.7,6.6,.496,13.2,28.9,.187
296,Syracuse,32,20,12,.625,8.53,9.40,,11,9,,14,2,,4,7,,2442,2420,,72.1,104.9,.260,.373,.548,53.1,50.7,8.7,7.4,.521,17.3,31.4,.189
297,Tarleton State,35,25,10,.714,1.40,-0.97,,16,4,,13,4,,10,5,,2593,2402,,68.4,100.0,.339,.363,.529,50.6,48.4,8.3,8.6,.497,18.1,32.0,.235
298,TCU NCAA,34,21,13,.618,14.62,7.32,,9,9,,12,4,,6,5,,2687,2439,,70.6,100.2,.354,.351,.540,46.6,56.7,9.6,9.1,.507,18.2,28.4,.249
299,Temple,36,16,20,.444,-1.26,1.68,,5,13,,5,9,,5,7,,2551,2624,,68.0,105.0,.357,.387,.538,51.8,54.4,8.5,10.4,.500,15.0,29.4,.259
300,Tennessee NCAA,36,27,9,.750,21.81,10.42,,14,4,,14,2,,8,3,,2836,2426,,70.3,95.9,.357,.411,.496,47.6,48.9,8.9,7.7,.453,16.1,28.2,.253
301,Tennessee State,33,18,15,.545,-9.64,-7.64,,10,8,,11,3,,5,10,,2400,2343,,69.8,101.3,.410,.337,.524,50.6,48.0,9.9,10.4,.477,16.5,31.3,.296
302,Tennessee Tech,31,10,21,.323,-15.04,-6.29,,5,13,,7,8,,3,13,,2089,2289,,67.6,108.4,.229,.370,.553,53.8,54.3,10.0,9.2,.524,13.5,27.3,.178
303,Tennessee-Martin,32,21,11,.656,-5.57,-7.25,,14,4,,12,2,,9,7,,2609,2455,,74.5,102.2,.230,.408,.510,48.1,50.2,9.0,10.3,.483,12.4,25.8,.165
304,Texas NCAA,34,21,13,.618,15.91,9.41,,9,9,,14,4,,4,6,,2563,2342,,68.2,100.6,.340,.328,.520,49.6,47.5,9.2,8.9,.481,16.3,30.1,.245
305,Texas A&M NCAA,36,21,15,.583,13.35,9.32,,9,9,,10,5,,6,6,,2736,2591,,67.8,105.5,.319,.449,.537,44.0,59.5,7.8,13.3,.505,14.5,28.0,.228
306,Texas A&M-Corpus Christi,33,21,12,.636,-4.45,-7.24,,14,4,,13,2,,8,7,,2480,2200,,71.2,93.3,.464,.369,.514,45.5,50.4,9.6,9.4,.462,18.7,23.9,.329
307,Texas Southern,33,16,17,.485,-9.09,-7.03,,12,6,,7,4,,6,11,,2316,2346,,69.5,101.8,.394,.363,.525,50.8,53.1,9.5,9.3,.483,15.8,31.0,.280
308,Texas State,35,17,18,.486,-3.71,-0.74,,7,11,,9,4,,5,11,,2445,2452,,68.4,101.7,.371,.352,.534,48.7,47.6,11.0,8.9,.493,16.5,29.3,.269
309,Texas Tech NCAA,34,23,11,.676,14.96,9.28,,11,7,,15,2,,4,6,,2561,2368,,67.2,103.3,.272,.386,.522,49.1,47.1,8.8,10.3,.492,14.6,30.3,.194
310,Texas-Rio Grande Valley,31,6,25,.194,-13.39,-0.90,,2,18,,5,9,,1,14,,2181,2473,,73.5,107.7,.339,.336,.561,54.1,60.6,10.0,11.1,.527,16.9,31.9,.249
311,The Citadel,32,11,21,.344,-6.53,-2.91,,3,15,,7,7,,2,13,,2260,2289,,67.0,106.4,.224,.399,.551,48.6,54.3,9.8,10.6,.528,14.6,26.1,.163
312,Toledo,32,20,12,.625,1.78,-2.09,,14,4,,12,3,,8,5,,2560,2436,,70.2,107.5,.262,.372,.567,49.9,47.4,8.4,10.0,.543,16.3,28.7,.190
313,Towson,34,20,14,.588,0.19,-2.27,,11,7,,12,2,,6,6,,2296,2164,,63.2,99.6,.315,.369,.513,44.0,47.4,9.8,8.9,.481,15.1,26.9,.219
314,Troy,32,20,12,.625,1.24,-3.17,,13,5,,15,2,,5,9,,2546,2261,,71.2,97.7,.390,.336,.526,47.1,44.4,11.2,11.1,.487,18.7,29.6,.272
315,Tulane,31,14,17,.452,3.65,2.68,,5,13,,11,6,,2,8,,2540,2481,,73.4,107.2,.317,.419,.539,54.3,57.5,9.1,10.0,.508,14.8,32.3,.226
316,Tulsa,31,16,15,.516,-1.20,-1.00,,7,11,,14,4,,2,9,,2325,2290,,71.4,102.3,.352,.385,.524,51.9,52.4,9.8,7.1,.490,15.5,30.3,.244
317,UAB NCAA,35,23,12,.657,5.14,3.73,,12,6,,12,5,,7,5,,2711,2627,,68.7,107.8,.309,.367,.540,47.8,49.1,10.1,10.2,.508,14.2,31.1,.223
318,UC Davis,33,20,13,.606,-1.33,-2.85,,14,6,,10,6,,8,6,,2351,2246,,68.1,99.2,.379,.333,.528,50.3,48.3,9.9,8.3,.484,18.4,30.4,.277
319,UC Irvine,34,24,10,.706,6.89,-0.93,,17,3,,13,0,,8,9,,2639,2321,,69.7,97.2,.344,.304,.503,46.5,48.8,8.1,8.6,.462,15.4,27.0,.245
320,UC Riverside,34,16,18,.471,-4.26,-1.23,,10,10,,10,5,,4,12,,2404,2448,,67.7,105.9,.343,.332,.554,49.0,52.2,6.7,10.0,.521,14.6,25.0,.247
321,UC San Diego,33,21,12,.636,2.04,-2.80,,15,5,,14,2,,7,8,,2530,2290,,66.9,102.5,.282,.363,.528,49.5,49.2,6.8,10.5,.498,15.0,27.4,.201
322,UC Santa Barbara,31,16,15,.516,-3.19,-3.01,,9,11,,9,7,,6,7,,2337,2280,,69.0,105.8,.296,.340,.534,47.9,45.0,9.9,7.0,.509,12.7,26.0,.201
323,UCF,33,17,16,.515,11.92,8.17,,7,11,,11,8,,3,7,,2366,2242,,69.3,97.6,.395,.396,.524,47.8,57.6,9.8,9.1,.479,18.0,26.9,.288
324,UCLA,33,16,17,.485,7.50,7.84,,10,10,,9,7,,5,6,,2177,2160,,64.8,101.1,.353,.428,.530,49.1,50.2,8.5,6.8,.495,16.0,27.8,.246
325,UNC Asheville,34,22,12,.647,-1.92,-2.99,,12,4,,12,2,,5,7,,2682,2485,,70.3,102.8,.327,.363,.524,50.5,47.3,8.7,8.7,.489,15.5,31.0,.232
326,UNC Greensboro,32,21,11,.656,-0.27,-2.90,,12,6,,11,3,,7,7,,2422,2233,,66.9,103.4,.348,.440,.525,48.9,47.8,8.6,8.0,.483,14.8,28.8,.257
327,UNC Wilmington,31,21,10,.677,1.21,-2.90,,12,6,,10,2,,10,6,,2461,2202,,66.6,105.0,.318,.366,.543,50.2,43.4,5.9,7.4,.514,15.9,30.4,.222
328,UT Arlington,34,20,14,.588,2.38,0.69,,13,7,,12,3,,5,10,,2614,2492,,71.9,101.5,.411,.352,.532,47.3,55.0,10.4,10.8,.483,16.6,29.1,.304
329,Utah,37,22,15,.595,15.00,9.41,,9,11,,17,2,,2,9,,2915,2708,,70.9,102.2,.259,.364,.514,48.3,51.3,8.9,8.6,.488,12.5,25.8,.178
330,Utah State NCAA,35,28,7,.800,11.56,5.29,,14,4,,14,1,,8,4,,2788,2497,,69.3,101.5,.306,.365,.527,48.0,50.3,9.1,6.2,.491,15.0,26.4,.224
331,Utah Tech,31,11,20,.355,-8.08,-1.18,,7,13,,6,7,,5,13,,2194,2389,,71.9,106.3,.423,.368,.547,51.3,52.4,12.1,9.9,.503,16.0,31.5,.307
332,Utah Valley,32,16,16,.500,-1.33,-0.03,,11,9,,10,4,,5,10,,2199,2195,,69.2,98.4,.350,.343,.513,49.3,57.9,10.1,9.0,.477,16.1,26.7,.243
333,UTEP,34,18,16,.529,-1.49,-1.30,,7,9,,13,5,,2,9,,2470,2348,,71.4,96.0,.448,.344,.548,51.0,46.9,10.4,9.4,.506,22.9,30.6,.316
334,UTSA,32,11,21,.344,-5.26,-0.71,,5,13,,7,9,,4,11,,2483,2591,,71.3,111.8,.344,.375,.548,48.6,52.5,8.4,12.9,.516,11.4,28.6,.244
335,Valparaiso,32,7,25,.219,-8.25,1.17,,3,17,,6,11,,1,13,,2163,2416,,69.3,109.0,.305,.353,.564,53.7,54.5,9.2,6.5,.540,15.6,30.2,.212
336,Vanderbilt,32,9,23,.281,0.19,8.16,,4,14,,8,10,,1,9,,2173,2428,,67.8,111.4,.295,.396,.566,51.9,55.1,8.3,9.8,.530,13.9,29.3,.231
337,Vermont NCAA,35,28,7,.800,2.78,-3.31,,15,1,,16,1,,10,4,,2506,2205,,65.4,96.0,.263,.358,.495,49.4,42.9,7.8,10.3,.462,13.6,23.4,.188
338,Villanova,34,18,16,.529,14.44,9.82,,10,10,,10,6,,4,8,,2388,2231,,64.3,99.8,.260,.453,.515,49.4,57.2,8.4,13.3,.483,14.3,24.3,.192
339,Virginia NCAA,34,23,11,.676,10.45,7.31,,13,7,,15,2,,5,6,,2140,2033,,61.2,96.6,.258,.396,.502,51.6,52.0,8.1,8.5,.466,16.8,28.1,.193
340,Virginia Commonwealth,38,24,14,.632,8.70,4.41,,11,7,,13,6,,7,5,,2697,2534,,66.2,100.1,.341,.389,.510,48.5,49.2,10.7,7.5,.468,14.6,26.9,.250
341,VMI,32,4,28,.125,-20.65,-2.44,,1,17,,4,10,,0,15,,2204,2644,,74.6,110.3,.300,.392,.553,51.7,50.7,12.2,8.0,.533,13.6,29.3,.197
342,Virginia Tech,34,19,15,.559,11.91,7.97,,10,10,,15,2,,2,10,,2547,2413,,68.1,104.2,.302,.339,.543,49.6,49.3,9.4,9.3,.510,15.0,26.2,.222
343,Wagner NCAA,33,17,16,.515,-10.64,-8.58,,7,9,,7,5,,9,10,,2103,2083,,63.0,99.0,.294,.407,.512,49.6,59.0,7.5,8.9,.483,15.3,26.9,.201
344,Wake Forest,35,21,14,.600,14.94,7.52,,11,9,,17,2,,2,9,,2733,2473,,68.8,101.9,.301,.355,.529,48.8,42.7,8.4,9.5,.491,14.5,25.8,.226
345,Washington,32,17,15,.531,11.85,8.38,,9,11,,11,6,,5,6,,2579,2468,,72.0,105.1,.331,.348,.532,50.1,51.4,8.8,8.9,.501,13.8,28.9,.230
346,Washington State NCAA,35,25,10,.714,14.02,7.19,,14,6,,15,2,,6,4,,2574,2335,,66.4,99.7,.323,.311,.511,45.7,45.6,8.4,6.6,.472,13.8,25.0,.236
347,Weber State,32,20,12,.625,-0.49,-4.15,,11,7,,12,2,,7,7,,2414,2161,,66.8,100.3,.278,.365,.548,50.1,51.2,7.6,8.1,.522,17.0,23.2,.197
348,West Virginia,32,9,23,.281,3.73,10.76,,4,14,,9,9,,0,9,,2234,2459,,68.7,111.0,.281,.430,.551,51.5,56.7,10.9,11.1,.521,13.0,30.4,.207
349,Western Carolina,32,22,10,.688,1.96,-3.35,,11,7,,12,3,,10,6,,2459,2198,,68.6,98.9,.308,.316,.496,46.6,36.2,7.6,7.0,.460,12.3,24.6,.217
350,Western Illinois,33,21,12,.636,-8.75,-7.37,,13,5,,10,5,,10,6,,2272,2167,,66.9,97.4,.235,.310,.483,44.5,43.2,11.0,8.1,.452,13.0,27.4,.170
351,Western Kentucky NCAA,34,22,12,.647,1.19,-2.91,,8,8,,12,2,,6,7,,2728,2531,,76.0,97.9,.320,.409,.512,47.8,49.9,9.6,10.1,.480,16.3,26.6,.221
352,Western Michigan,32,12,20,.375,-9.30,-3.79,,9,9,,7,7,,3,12,,2281,2396,,68.6,107.8,.309,.381,.541,48.2,51.3,9.9,6.2,.509,13.7,29.7,.223
353,Wichita State,34,15,19,.441,2.02,3.20,,5,13,,10,5,,2,10,,2475,2484,,69.5,104.4,.278,.381,.516,47.4,52.6,11.4,9.3,.483,12.6,28.3,.202
354,William & Mary,33,10,23,.303,-11.33,-5.55,,4,14,,7,7,,2,13,,2305,2380,,66.7,107.8,.338,.368,.543,50.7,46.1,8.6,12.9,.505,12.8,28.1,.249
355,Winthrop,32,17,15,.531,-1.97,-3.42,,8,8,,11,5,,6,9,,2475,2287,,68.3,102.3,.332,.426,.530,49.0,48.9,9.8,11.7,.488,16.5,31.0,.250
356,Wisconsin NCAA,36,22,14,.611,16.01,11.35,,11,9,,14,3,,3,9,,2688,2520,,66.0,105.0,.338,.343,.554,47.6,47.3,7.5,10.8,.520,15.1,24.4,.245
357,Wofford,32,17,15,.531,-3.87,-1.60,,10,8,,11,2,,6,9,,2384,2362,,67.5,107.7,.328,.427,.545,47.0,50.1,9.5,8.4,.508,12.3,24.6,.244
358,Wright State,32,18,14,.563,-0.22,-3.62,,13,7,,9,7,,7,6,,2767,2599,,72.6,110.6,.292,.378,.568,48.4,45.0,10.0,6.2,.542,14.6,27.9,.208
359,Wyoming,32,15,17,.469,0.54,4.57,,8,10,,9,5,,3,10,,2331,2383,,67.9,108.8,.271,.401,.551,49.2,48.5,11.9,11.1,.522,14.3,28.8,.201
360,Xavier,34,16,18,.471,12.23,11.03,,9,11,,11,7,,3,9,,2579,2538,,71.5,104.4,.297,.354,.527,48.5,59.6,8.8,11.4,.495,13.9,28.9,.211
361,Yale NCAA,33,23,10,.697,4.63,0.41,,11,3,,9,2,,9,6,,2465,2226,,66.1,100.5,.279,.419,.525,47.2,57.2,8.2,8.7,.491,14.7,23.7,.206
362,Youngstown State,32,22,10,.688,0.97,-5.11,,14,6,,14,3,,8,7,,2598,2269,,70.8,99.4,.282,.367,.509,46.2,54.8,8.4,7.7,.479,14.7,27.9,.197